Accession,CometFullSeqSubtype,CometPerGeneSubtype,FullSeqSubtype,FullSeqClosestSubtypeAlignedNT,PerGeneSubtype,PerGeneClosestSubtypeAlignedNT,GenBankSubtype,PresentMethodCount,BlankMethods,DistinctSubtypeCount,SubtypesObserved,AgreementStatus
MZ327743,"UNASSIGNED_1, 1A-1B","UNASSIGNED_1, 1A-1B",1A,9234,1A,1893,1A,5,,2,"1A;UNASSIGNED_1, 1A-1B",AllFiveDisagree
ON314812,2K,2J,2Q,6393,2K,1886,,4,GenBank,3,2J;2K;2Q,AvailableCallsDisagree
ON314813,2K,2K,2K,9175,2Q,1885,,4,GenBank,2,2K;2Q,AvailableCallsDisagree
ON314815,2J,2K,2Q,9172,2Q,1885,,4,GenBank,3,2J;2K;2Q,AvailableCallsDisagree
ON314816,2J,2J,2D,9172,2D,1883,,4,GenBank,2,2D;2J,AvailableCallsDisagree
ON314817,2K,2Q,2Q,9177,2Q,1884,,4,GenBank,2,2K;2Q,AvailableCallsDisagree
ON314818,2K,2K,2K,9174,2Q,1884,,4,GenBank,2,2K;2Q,AvailableCallsDisagree
ON314819,2Q,2K,2Q,9155,2Q,1884,,4,GenBank,2,2K;2Q,AvailableCallsDisagree
ON314820,2J,2K,2Q,9174,2K,1883,,4,GenBank,3,2J;2K;2Q,AvailableCallsDisagree
ON314821,2J,2J,2D,9172,2V,1884,,4,GenBank,3,2D;2J;2V,AvailableCallsDisagree
ON314823,2J,2M,2Q,9357,2M,1884,,4,GenBank,3,2J;2M;2Q,AvailableCallsDisagree
ON314825,2J,2Q,2Q,9418,2Q,1884,,4,GenBank,2,2J;2Q,AvailableCallsDisagree
ON314826,2J,2J,2C,9443,2C,1884,,4,GenBank,2,2C;2J,AvailableCallsDisagree
ON314827,2Q,2K,2Q,9411,2Q,1885,,4,GenBank,2,2K;2Q,AvailableCallsDisagree
ON314828,2Q,2K,2Q,9460,2K,1884,,4,GenBank,2,2K;2Q,AvailableCallsDisagree
PQ365513,3A,3A,3D,7317,3D,1892,3D,5,,2,3A;3D,AllFiveDisagree
PQ365524,3A,3A,3E,7857,3E,1892,3E,5,,2,3A;3E,AllFiveDisagree
MT633132,1B,1B,7B,1510,7B,1510,7B,5,,2,1B;7B,AllFiveDisagree
MW041294,2J,2J,2C,9430,2R,1884,,4,GenBank,3,2C;2J;2R,AvailableCallsDisagree
MW041295,2J,2J,2V,9403,2V,1884,,4,GenBank,2,2J;2V,AvailableCallsDisagree
MW041296,2J,2C,2C,9414,2R,1884,,4,GenBank,3,2C;2J;2R,AvailableCallsDisagree
MW041297,2J,2J,2V,9390,2V,1884,,4,GenBank,2,2J;2V,AvailableCallsDisagree
MW041298,2J,2A,2V,9359,2V,1884,,4,GenBank,3,2A;2J;2V,AvailableCallsDisagree
MW041299,2J,2J,2V,9390,2V,1884,,4,GenBank,2,2J;2V,AvailableCallsDisagree
MN628580,1A,1A,1A,9394,1A,1893,3A,5,,2,1A;3A,AllFiveDisagree
MN628581,3A,3A,3A,9416,3A,1895,1A,5,,2,1A;3A,AllFiveDisagree
MN650807,"UNASSIGNED_1, 1A-4D","UNASSIGNED_1, 1A-4D",1A,541,1A,541,,4,GenBank,2,"1A;UNASSIGNED_1, 1A-4D",AvailableCallsDisagree
PQ660835,"UNASSIGNED_1, 1A-4A-4V","UNASSIGNED_1, 1A-4A",1A,9036,1A,1893,1A,5,,3,"1A;UNASSIGNED_1, 1A-4A;UNASSIGNED_1, 1A-4A-4V",AllFiveDisagree
PQ660852,"UNASSIGNED_1, 4A-1A",4A,4A,9018,4A,1892,4A,5,,2,"4A;UNASSIGNED_1, 4A-1A",AllFiveDisagree
PQ660853,"UNASSIGNED_1, 1A-4A",1A,1A,9036,1A,1893,1A,5,,2,"1A;UNASSIGNED_1, 1A-4A",AllFiveDisagree
PQ660855,"UNASSIGNED_1, 1A-4A-4V",1A,1A,9036,1A,1893,1A,5,,2,"1A;UNASSIGNED_1, 1A-4A-4V",AllFiveDisagree
PQ660857,"UNASSIGNED_1, 4A-1A","UNASSIGNED_1, 4A-1A",4A,7792,4A,1892,4A,5,,2,"4A;UNASSIGNED_1, 4A-1A",AllFiveDisagree
MK327981,6W,6W,6G,6802,6G,1893,,4,GenBank,2,6G;6W,AvailableCallsDisagree
MK327983,6G,6W,6G,3455,6G,1539,,4,GenBank,2,6G;6W,AvailableCallsDisagree
MK327984,6G,6A,6G,9447,6G,1893,,4,GenBank,2,6A;6G,AvailableCallsDisagree
MK327985,6W,1B,6G,9435,6G,1893,,4,GenBank,3,1B;6G;6W,AvailableCallsDisagree
MK327987,6W,1B,6G,9452,6G,1894,,4,GenBank,3,1B;6G;6W,AvailableCallsDisagree
MK327989,6W,2B,6XH,9057,6XH,1892,,4,GenBank,3,2B;6W;6XH,AvailableCallsDisagree
MK327990,6W,1B,6N,9460,6S,1886,,4,GenBank,4,1B;6N;6S;6W,AvailableCallsDisagree
MK327991,6W,1B,6XA,9476,6XD,1893,,4,GenBank,4,1B;6W;6XA;6XD,AvailableCallsDisagree
MK327993,1B,1B,6XD,9449,6XD,1893,,4,GenBank,2,1B;6XD,AvailableCallsDisagree
MK327995,6W,6W,6G,3050,6G,1776,,4,GenBank,2,6G;6W,AvailableCallsDisagree
MK327996,6W,6W,6XH,9059,6XH,1892,,4,GenBank,2,6W;6XH,AvailableCallsDisagree
MK327998,6W,1B,6G,9452,6G,1894,,4,GenBank,3,1B;6G;6W,AvailableCallsDisagree
MK327999,6W,6W,6G,9211,6G,1893,,4,GenBank,2,6G;6W,AvailableCallsDisagree
MK328001,6W,1B,6XA,9416,6D,1892,,4,GenBank,4,1B;6D;6W;6XA,AvailableCallsDisagree
MK328002,6W,1B,6XH,9059,6XH,1893,,4,GenBank,3,1B;6W;6XH,AvailableCallsDisagree
MK328003,6W,1B,6XH,9061,6XH,1893,,4,GenBank,3,1B;6W;6XH,AvailableCallsDisagree
MK328004,6A,6A,6B,3432,6XD,1892,,4,GenBank,3,6A;6B;6XD,AvailableCallsDisagree
MK328005,6G,1B,6G,9429,6G,1893,,4,GenBank,2,1B;6G,AvailableCallsDisagree
MK328006,6W,1B,6XH,9061,6XH,1893,,4,GenBank,3,1B;6W;6XH,AvailableCallsDisagree
MK328007,6W,1B,6G,9098,6G,1893,,4,GenBank,3,1B;6G;6W,AvailableCallsDisagree
MK328009,6W,1B,6G,9455,6G,1895,,4,GenBank,3,1B;6G;6W,AvailableCallsDisagree
MK328010,6W,6W,6XH,9059,6XH,1893,,4,GenBank,2,6W;6XH,AvailableCallsDisagree
MK328012,1B,1B,6D,9436,6D,1893,,4,GenBank,2,1B;6D,AvailableCallsDisagree
MK328014,6W,6W,6G,7892,6G,1893,,4,GenBank,2,6G;6W,AvailableCallsDisagree
MK328015,6G,1B,6G,3491,6G,1562,,4,GenBank,2,1B;6G,AvailableCallsDisagree
MK328016,"UNASSIGNED_1, 6G-3B",1B,6G,2245,6G,1655,,4,GenBank,3,"1B;6G;UNASSIGNED_1, 6G-3B",AvailableCallsDisagree
MK328018,6W,2B,6G,5582,6G,1893,,4,GenBank,3,2B;6G;6W,AvailableCallsDisagree
MK328019,6G,1B,6G,9451,6G,1894,,4,GenBank,2,1B;6G,AvailableCallsDisagree
MK328020,6W,1B,6G,9437,6G,1893,,4,GenBank,3,1B;6G;6W,AvailableCallsDisagree
MK328021,6W,6W,6XA,9398,6S,1886,,4,GenBank,3,6S;6W;6XA,AvailableCallsDisagree
MK328022,6G,2B,6G,9446,6G,1891,,4,GenBank,2,2B;6G,AvailableCallsDisagree
MK328023,6W,4F,6L,9424,6XD,1892,,4,GenBank,4,4F;6L;6W;6XD,AvailableCallsDisagree
MK328024,6G,6W,6G,4628,6G,1893,,4,GenBank,2,6G;6W,AvailableCallsDisagree
MK328025,6W,6W,6G,976,6G,1479,,4,GenBank,2,6G;6W,AvailableCallsDisagree
MK328026,6W,1B,6G,9446,6G,1893,,4,GenBank,3,1B;6G;6W,AvailableCallsDisagree
MK548362,"UNASSIGNED_1, 1A-2B",1A,1A,3582,1A,1846,2B,5,,3,"1A;2B;UNASSIGNED_1, 1A-2B",AllFiveDisagree
MK548363,"UNASSIGNED_1, 1A-2B",1A,1A,9217,1A,1892,2B,5,,3,"1A;2B;UNASSIGNED_1, 1A-2B",AllFiveDisagree
MK548364,"UNASSIGNED_1, 1A-2B",1A,1A,9249,1A,1893,2B,5,,3,"1A;2B;UNASSIGNED_1, 1A-2B",AllFiveDisagree
MK548365,"UNASSIGNED_1, 1A-2B",1A,1A,3379,1A,1893,2B,5,,3,"1A;2B;UNASSIGNED_1, 1A-2B",AllFiveDisagree
MK548366,"UNASSIGNED_1, 1A-2B",1A,1A,3039,1A,1506,2B,5,,3,"1A;2B;UNASSIGNED_1, 1A-2B",AllFiveDisagree
MK548367,"UNASSIGNED_1, 1A-2B",1A,1A,6203,1A,1893,2B,5,,3,"1A;2B;UNASSIGNED_1, 1A-2B",AllFiveDisagree
MK548368,"UNASSIGNED_1, 1A-2B",1A,1A,9241,1A,1894,2B,5,,3,"1A;2B;UNASSIGNED_1, 1A-2B",AllFiveDisagree
MK548369,"UNASSIGNED_1, 1A-2B",1A,1A,6151,1A,1893,2B,5,,3,"1A;2B;UNASSIGNED_1, 1A-2B",AllFiveDisagree
MK962402,1B,1B,1H,607,1H,560,,4,GenBank,2,1B;1H,AvailableCallsDisagree
MK962404,1B,1B,1M,599,1M,572,,4,GenBank,2,1B;1M,AvailableCallsDisagree
MK962411,4K,4K,4G,621,4K,584,4H,5,,3,4G;4H;4K,AllFiveDisagree
MK962414,1B,2C,2L,619,2L,596,2L,5,,3,1B;2C;2L,AllFiveDisagree
MK962418,4K,4K,4K,383,4K,367,4H,5,,2,4H;4K,AllFiveDisagree
MK962419,4V,4V,4B,614,4B,578,4B,5,,2,4B;4V,AllFiveDisagree
MK962420,2J,2J,2Q,617,2Q,584,2I,5,,3,2I;2J;2Q,AllFiveDisagree
MK990302,2J,2J,2M,610,2D,579,,4,GenBank,3,2D;2J;2M,AvailableCallsDisagree
MK990303,2A,2A,2U,610,2U,579,,4,GenBank,2,2A;2U,AvailableCallsDisagree
MK990304,2C,2C,2F,608,2F,578,,4,GenBank,2,2C;2F,AvailableCallsDisagree
MK990306,2J,2J,2Q,610,2Q,579,,4,GenBank,2,2J;2Q,AvailableCallsDisagree
MK990307,2K,2K,2D,609,2J,579,,4,GenBank,3,2D;2J;2K,AvailableCallsDisagree
MK990308,2C,2C,2Q,606,2Q,579,,4,GenBank,2,2C;2Q,AvailableCallsDisagree
MN164845,1A,1B,1A,9046,1O,1896,,4,GenBank,3,1A;1B;1O,AvailableCallsDisagree
MN164847,1A,1B,1A,9047,1O,1895,,4,GenBank,3,1A;1B;1O,AvailableCallsDisagree
MN164848,"UNASSIGNED_1, 1A-1L",1L,1L,6694,1L,1893,,4,GenBank,2,"1L;UNASSIGNED_1, 1A-1L",AvailableCallsDisagree
MN164849,1A,1C,1A,9007,1C,1892,,4,GenBank,2,1A;1C,AvailableCallsDisagree
MN164850,"UNASSIGNED_1, 1A-1C",1A,1A,9005,1O,1893,,4,GenBank,3,"1A;1O;UNASSIGNED_1, 1A-1C",AvailableCallsDisagree
MN164851,"UNASSIGNED_1, 1B-1A",1B,1B,9053,1I,1893,,4,GenBank,3,"1B;1I;UNASSIGNED_1, 1B-1A",AvailableCallsDisagree
MN164852,1A,1C,1A,7815,1M,1892,,4,GenBank,3,1A;1C;1M,AvailableCallsDisagree
MN164853,"UNASSIGNED_1, 1A-1B",1B,1A,7813,1B,1892,,4,GenBank,3,"1A;1B;UNASSIGNED_1, 1A-1B",AvailableCallsDisagree
MN164854,"UNASSIGNED_1, 1A-1L","UNASSIGNED_1, 1L-1A",1A,7814,1L,1892,,4,GenBank,4,"1A;1L;UNASSIGNED_1, 1A-1L;UNASSIGNED_1, 1L-1A",AvailableCallsDisagree
MN164855,"UNASSIGNED_1, 1B-1A",1B,1A,9043,1I,1894,,4,GenBank,4,"1A;1B;1I;UNASSIGNED_1, 1B-1A",AvailableCallsDisagree
MN164856,1A,1B,1A,7783,1A,1892,1P,5,,3,1A;1B;1P,AllFiveDisagree
MN164857,"UNASSIGNED_1, 1A-4A","UNASSIGNED_1, 1B-4A",1A,7803,1A,1892,1P,5,,4,"1A;1P;UNASSIGNED_1, 1A-4A;UNASSIGNED_1, 1B-4A",AllFiveDisagree
MN164858,1A,1B,1A,9037,1O,1894,,4,GenBank,3,1A;1B;1O,AvailableCallsDisagree
MN164859,1A,1B,1A,7813,1O,1894,,4,GenBank,3,1A;1B;1O,AvailableCallsDisagree
MN164862,"UNASSIGNED_1, 1A-1B",1B,1A,7776,1A,1892,,4,GenBank,3,"1A;1B;UNASSIGNED_1, 1A-1B",AvailableCallsDisagree
MN164863,1A,1B,1A,9005,1A,1893,,4,GenBank,2,1A;1B,AvailableCallsDisagree
MN164868,"UNASSIGNED_1, 1A-1B",1B,1A,9038,1B,1894,,4,GenBank,3,"1A;1B;UNASSIGNED_1, 1A-1B",AvailableCallsDisagree
MN164870,"UNASSIGNED_1, 1L-1A-1B",1L,1L,9061,1L,1893,,4,GenBank,2,"1L;UNASSIGNED_1, 1L-1A-1B",AvailableCallsDisagree
MN164871,1A,1B,1O,6348,1O,1895,,4,GenBank,3,1A;1B;1O,AvailableCallsDisagree
MN164872,1A,1A,1A,7734,1M,1892,,4,GenBank,2,1A;1M,AvailableCallsDisagree
MN164873,"UNASSIGNED_1, 1B-1A",1B,1B,3941,1B,1892,1P,5,,3,"1B;1P;UNASSIGNED_1, 1B-1A",AllFiveDisagree
MN164874,"UNASSIGNED_1, 1B-1A",1B,1A,9009,1B,1893,,4,GenBank,3,"1A;1B;UNASSIGNED_1, 1B-1A",AvailableCallsDisagree
MN164876,"UNASSIGNED_1, 1B-1A",1B,1A,9037,1B,1892,1P,5,,4,"1A;1B;1P;UNASSIGNED_1, 1B-1A",AllFiveDisagree
MN164877,"UNASSIGNED_1, 1L-1A",1L,1L,8279,1L,1893,,4,GenBank,2,"1L;UNASSIGNED_1, 1L-1A",AvailableCallsDisagree
MN240359,6W,2B,6XA,9404,6XA,1892,,4,GenBank,3,2B;6W;6XA,AvailableCallsDisagree
LC773639,4F,4A,4C,9348,4F,1892,4E,5,,4,4A;4C;4E;4F,AllFiveDisagree
LC773640,4A,4A,4C,9320,4C,1892,4E,5,,3,4A;4C;4E,AllFiveDisagree
PQ899568,"UNASSIGNED_1, 5A-1C",2B,5B,9481,5B,1893,,4,GenBank,3,"2B;5B;UNASSIGNED_1, 5A-1C",AvailableCallsDisagree
PP092205,6W,6W,8A,9283,8A,1890,,4,GenBank,2,6W;8A,AvailableCallsDisagree
PP092206,6W,2B,8A,9233,8A,1874,,4,GenBank,3,2B;6W;8A,AvailableCallsDisagree
PP092207,6W,1B,5A,6482,8A,1889,,4,GenBank,4,1B;5A;6W;8A,AvailableCallsDisagree
PP092208,6W,1B,8A,3802,8A,1856,,4,GenBank,3,1B;6W;8A,AvailableCallsDisagree
MG878999,1B,1B,6XG,9090,6XD,1892,,4,GenBank,3,1B;6XD;6XG,AvailableCallsDisagree
MG879000,6W,6W,6XH,9057,6XH,1893,,4,GenBank,2,6W;6XH,AvailableCallsDisagree
MH477423,2A,2J,2U,5646,2U,1884,,4,GenBank,3,2A;2J;2U,AvailableCallsDisagree
MH477425,2A,2J,2C,570,2A,122,,4,GenBank,3,2A;2C;2J,AvailableCallsDisagree
MH492360,6N,6N,6XG,9318,6XG,1893,6XG,5,,2,6N;6XG,AllFiveDisagree
MH492361,6N,6N,6XG,9318,6XG,1893,6XG,5,,2,6N;6XG,AllFiveDisagree
MH492362,6N,6N,6XG,9318,6XG,1893,6XG,5,,2,6N;6XG,AllFiveDisagree
MH590698,"UNASSIGNED_1, 2J-5A",1B,8A,9222,8A,1890,,4,GenBank,3,"1B;8A;UNASSIGNED_1, 2J-5A",AvailableCallsDisagree
MH590699,"UNASSIGNED_1, 2J-5A",1B,8A,9204,8A,1890,,4,GenBank,3,"1B;8A;UNASSIGNED_1, 2J-5A",AvailableCallsDisagree
MH590700,"UNASSIGNED_1, 1B-6W",1B,8A,9222,8A,1890,,4,GenBank,3,"1B;8A;UNASSIGNED_1, 1B-6W",AvailableCallsDisagree
MH590701,"UNASSIGNED_1, 2J-5A",1B,8A,9222,8A,1890,,4,GenBank,3,"1B;8A;UNASSIGNED_1, 2J-5A",AvailableCallsDisagree
MH714567,6E,6E,6E,590,6E,590,6EZ,5,,2,6E;6EZ,AllFiveDisagree
MH714570,6E,6E,6XC,590,6XC,590,,4,GenBank,2,6E;6XC,AvailableCallsDisagree
MH714578,6E,6E,6XC,590,6XC,590,6XC,5,,2,6E;6XC,AllFiveDisagree
MH714587,6L,6L,6XB,590,6XB,590,,4,GenBank,2,6L;6XB,AvailableCallsDisagree
MH714596,4K,4K,6Q,578,6Q,578,,4,GenBank,2,4K;6Q,AvailableCallsDisagree
MH742360,"UNASSIGNED_1, 4V-4K","UNASSIGNED_1, 4V-4K",4Q,9383,4Q,1893,4Q,5,,2,"4Q;UNASSIGNED_1, 4V-4K",AllFiveDisagree
MH742362,4V,4V,4Q,9337,4Q,1892,4Q,5,,2,4Q;4V,AllFiveDisagree
MH742366,"UNASSIGNED_1, 4V-4M",4V,4Q,9428,4Q,1893,4Q,5,,3,"4Q;4V;UNASSIGNED_1, 4V-4M",AllFiveDisagree
MH742368,"UNASSIGNED_1, 4V-4G",4F,4S,9431,4S,1893,4S,5,,3,"4F;4S;UNASSIGNED_1, 4V-4G",AllFiveDisagree
MH742369,"UNASSIGNED_1, 4V-4A-4P",4V,4V,9323,4V,1893,4V,5,,2,"4V;UNASSIGNED_1, 4V-4A-4P",AllFiveDisagree
MH885469,1C,1C,1O,9359,1O,1893,,4,GenBank,2,1C;1O,AvailableCallsDisagree
MH940291,7A,2A,7A,9370,7A,1892,,4,GenBank,2,2A;7A,AvailableCallsDisagree
MK139015,6N,6N,6XG,9318,6XG,1894,6XG,5,,2,6N;6XG,AllFiveDisagree
MK139016,6N,6N,6XG,9317,6XG,1893,6XG,5,,2,6N;6XG,AllFiveDisagree
MK139017,6N,6N,6XG,9317,6XG,1893,6XG,5,,2,6N;6XG,AllFiveDisagree
MK139018,6N,6N,6XG,9317,6XG,1893,6XG,5,,2,6N;6XG,AllFiveDisagree
MK139019,6N,6N,6XG,9317,6XG,1893,6XG,5,,2,6N;6XG,AllFiveDisagree
MK139020,6N,6N,6XG,9317,6XG,1893,6XG,5,,2,6N;6XG,AllFiveDisagree
MK139021,6N,6N,6XG,9318,6XG,1893,6XG,5,,2,6N;6XG,AllFiveDisagree
MK139022,6N,6N,6XG,9317,6XG,1893,6XG,5,,2,6N;6XG,AllFiveDisagree
D84263,6D,6D,8A,9284,6D,1893,,4,GenBank,2,6D;8A,AvailableCallsDisagree
D89815,"UNASSIGNED_1, 1B-6D-6B",1B,1B,9414,1B,1893,,4,GenBank,2,"1B;UNASSIGNED_1, 1B-6D-6B",AvailableCallsDisagree
DQ155560,"UNASSIGNED_1, 6P-2J-2A-2K-2J",6P,2I,7348,6P,1893,2I,5,,3,"2I;6P;UNASSIGNED_1, 6P-2J-2A-2K-2J",AllFiveDisagree
DQ278891,6L,6L,6XJ,9372,6XJ,1893,6K,5,,3,6K;6L;6XJ,AllFiveDisagree
DQ278893,6L,6L,6XJ,9374,6XJ,1893,6K,5,,3,6K;6L;6XJ,AllFiveDisagree
DQ364460,"UNASSIGNED_1, 1B-2B",1B,1B,6203,1B,1892,2B,5,,3,"1B;2B;UNASSIGNED_1, 1B-2B",AllFiveDisagree
DQ835767,6M,6M,8A,9297,6M,1893,6M,5,,2,6M;8A,AllFiveDisagree
EF026073,2J,1B,5A,6208,5A,1898,,4,GenBank,3,1B;2J;5A,AvailableCallsDisagree
EF139664,"UNASSIGNED_1, 1B-3B",1B,1B,1526,1B,1526,,4,GenBank,2,"1B;UNASSIGNED_1, 1B-3B",AvailableCallsDisagree
EF420134,6H,1B,8A,916,5A,212,,4,GenBank,4,1B;5A;6H;8A,AvailableCallsDisagree
OR497876,"UNASSIGNED_1, 1B-2K",1B,1B,6205,1B,1892,2K1B,5,,3,"1B;2K1B;UNASSIGNED_1, 1B-2K",AllFiveDisagree
AB049088,"UNASSIGNED_1, 1B-6B",1B,1B,9412,1B,1893,1B,5,,2,"1B;UNASSIGNED_1, 1B-6B",AllFiveDisagree
AB049089,"UNASSIGNED_1, 1B-6H-6B",1B,1B,9393,1B,1892,1B,5,,2,"1B;UNASSIGNED_1, 1B-6H-6B",AllFiveDisagree
AB049090,"UNASSIGNED_1, 1B-6K-6B",1B,1B,9395,1B,1892,1B,5,,2,"1B;UNASSIGNED_1, 1B-6K-6B",AllFiveDisagree
AB049091,"UNASSIGNED_1, 1B-2B-6D-6B",1B,1B,9342,1B,1893,1B,5,,2,"1B;UNASSIGNED_1, 1B-2B-6D-6B",AllFiveDisagree
AB049095,"UNASSIGNED_1, 1B-6H-6B",1B,1B,9396,1B,1892,1B,5,,2,"1B;UNASSIGNED_1, 1B-6H-6B",AllFiveDisagree
AB049101,"UNASSIGNED_1, 1B-6K-6D-6B",1B,1B,9396,1B,1892,1B,5,,2,"1B;UNASSIGNED_1, 1B-6K-6D-6B",AllFiveDisagree
AB622121,"UNASSIGNED_1, 1B-2B",1B,1B,6260,1B,1893,,4,GenBank,2,"1B;UNASSIGNED_1, 1B-2B",AvailableCallsDisagree
AB622123,"UNASSIGNED_1, 2B-1B",1B,2B,1469,1B,492,,4,GenBank,3,"1B;2B;UNASSIGNED_1, 2B-1B",AvailableCallsDisagree
AB677527,"UNASSIGNED_1, 1B-2B",1B,1B,6253,1B,1892,,4,GenBank,2,"1B;UNASSIGNED_1, 1B-2B",AvailableCallsDisagree
AB677528,"UNASSIGNED_1, 1B-2B",1B,1B,6253,1B,1892,,4,GenBank,2,"1B;UNASSIGNED_1, 1B-2B",AvailableCallsDisagree
AB677529,"UNASSIGNED_1, 1B-2B",1B,1B,6207,1B,1893,,4,GenBank,2,"1B;UNASSIGNED_1, 1B-2B",AvailableCallsDisagree
AB677530,"UNASSIGNED_1, 1B-2B",1B,1B,6207,1B,1893,,4,GenBank,2,"1B;UNASSIGNED_1, 1B-2B",AvailableCallsDisagree
AB677531,"UNASSIGNED_1, 1B-2B",1B,1B,6207,1B,1893,,4,GenBank,2,"1B;UNASSIGNED_1, 1B-2B",AvailableCallsDisagree
AB677532,"UNASSIGNED_1, 1B-2B",1B,1B,6207,1B,1893,,4,GenBank,2,"1B;UNASSIGNED_1, 1B-2B",AvailableCallsDisagree
AB677533,"UNASSIGNED_1, 1B-2B",1B,1B,6253,1B,1893,,4,GenBank,2,"1B;UNASSIGNED_1, 1B-2B",AvailableCallsDisagree
AB709477,1A,1A,1A,900,1A,900,1B,5,,2,1A;1B,AllFiveDisagree
AF356827,"UNASSIGNED_1, 1B-6H-2A-6H-6D-3G",1B,1B,9418,1B,1892,1B,5,,2,"1B;UNASSIGNED_1, 1B-6H-2A-6H-6D-3G",AllFiveDisagree
AM408911,2J,1B,5A,6208,5A,1898,,4,GenBank,3,1B;2J;5A,AvailableCallsDisagree
AY070170,"UNASSIGNED_1, 2K-1B",1B,2K,1212,1B,278,,4,GenBank,3,"1B;2K;UNASSIGNED_1, 2K-1B",AvailableCallsDisagree
AY070171,"UNASSIGNED_1, 2K-1B",1B,2K,1203,1B,279,,4,GenBank,3,"1B;2K;UNASSIGNED_1, 2K-1B",AvailableCallsDisagree
AY070172,"UNASSIGNED_1, 2K-1B",1B,2K,1201,1B,279,,4,GenBank,3,"1B;2K;UNASSIGNED_1, 2K-1B",AvailableCallsDisagree
AY070214,"UNASSIGNED_1, 2K-1B",1B,2K,3619,1B,278,,4,GenBank,3,"1B;2K;UNASSIGNED_1, 2K-1B",AvailableCallsDisagree
AY070215,"UNASSIGNED_1, 2K-1B",1B,2K,3663,1B,299,,4,GenBank,3,"1B;2K;UNASSIGNED_1, 2K-1B",AvailableCallsDisagree
AY878650,6L,6L,6XJ,9364,6XJ,1893,6K,5,,3,6K;6L;6XJ,AllFiveDisagree
AY878651,6L,6L,6XJ,9364,6XJ,1893,6K,5,,3,6K;6L;6XJ,AllFiveDisagree
HQ537005,"UNASSIGNED_1, 1B-2J-2K",1B,1B,6112,1B,1892,2K,5,,3,"1B;2K;UNASSIGNED_1, 1B-2J-2K",AllFiveDisagree
HQ537006,"UNASSIGNED_1, 1B-2J-2Q-2K",1B,1B,6112,1B,1892,2K,5,,3,"1B;2K;UNASSIGNED_1, 1B-2J-2Q-2K",AllFiveDisagree
HQ537007,1B,1B,1K,9201,1K,1897,,4,GenBank,2,1B;1K,AvailableCallsDisagree
HQ623202,1A,1A,1A,543,1A,543,1B,5,,2,1A;1B,AllFiveDisagree
HQ623209,1B,1B,1I,543,1I,543,1B,5,,2,1B;1I,AllFiveDisagree
HQ623229,1B,1B,1D,543,1D,543,1B,5,,2,1B;1D,AllFiveDisagree
HQ623252,1E,1E,1E,543,1E,543,1A,5,,2,1A;1E,AllFiveDisagree
HQ623274,1B,1B,1D,543,1D,543,1B,5,,2,1B;1D,AllFiveDisagree
HQ623282,5A,5A,2L,543,2L,543,,4,GenBank,2,2L;5A,AvailableCallsDisagree
HQ623283,6W,6W,2T,542,2T,542,,4,GenBank,2,2T;6W,AvailableCallsDisagree
HQ623284,2J,2J,2F,543,2F,543,,4,GenBank,2,2F;2J,AvailableCallsDisagree
HQ623287,2J,2J,2T,542,2T,542,,4,GenBank,2,2J;2T,AvailableCallsDisagree
HQ623293,6W,6W,2L,543,2L,543,,4,GenBank,2,2L;6W,AvailableCallsDisagree
HQ623295,4V,4V,2L,540,2L,540,,4,GenBank,2,2L;4V,AvailableCallsDisagree
HQ623303,2J,2J,2U,543,2U,543,,4,GenBank,2,2J;2U,AvailableCallsDisagree
HQ623305,2J,2J,2C,543,2C,543,,4,GenBank,2,2C;2J,AvailableCallsDisagree
HQ623306,2J,2J,2A,543,2A,543,,4,GenBank,2,2A;2J,AvailableCallsDisagree
HQ623310,2J,2J,2Q,543,2Q,543,,4,GenBank,2,2J;2Q,AvailableCallsDisagree
HQ623318,2J,2J,2U,542,2U,542,,4,GenBank,2,2J;2U,AvailableCallsDisagree
HQ623340,2J,3A,3A,533,3A,533,3A,5,,2,2J;3A,AllFiveDisagree
HQ623402,4A,4A,4P,543,4P,543,,4,GenBank,2,4A;4P,AvailableCallsDisagree
HQ623403,4A,4A,4C,542,4C,542,,4,GenBank,2,4A;4C,AvailableCallsDisagree
JF735110,2J,2B,2D,9521,2J,1896,,4,GenBank,3,2B;2D;2J,AvailableCallsDisagree
JF735112,2A,2A,2U,9520,2U,1884,,4,GenBank,2,2A;2U,AvailableCallsDisagree
JF735116,2J,2J,2Q,9481,2F,1884,,4,GenBank,3,2F;2J;2Q,AvailableCallsDisagree
JF735117,2J,2J,2D,9514,2C,1884,,4,GenBank,3,2C;2D;2J,AvailableCallsDisagree
JF735118,2K,2K,2Q,9400,2Q,1884,,4,GenBank,2,2K;2Q,AvailableCallsDisagree
JF735119,2A,2A,2U,9526,2U,1884,,4,GenBank,2,2A;2U,AvailableCallsDisagree
JF735121,3H,3H,3H,9579,8A,1889,3H,5,,2,3H;8A,AllFiveDisagree
JF735124,"UNASSIGNED_1, 3A-3G",2B,3H,9631,3I,1894,,4,GenBank,4,"2B;3H;3I;UNASSIGNED_1, 3A-3G",AvailableCallsDisagree
JF735125,"UNASSIGNED_1, 3I-3H-6H-6B",3I,3I,9399,3I,1890,3I,5,,2,"3I;UNASSIGNED_1, 3I-3H-6H-6B",AllFiveDisagree
JF735127,4K,4K,4B,9445,4B,1893,,4,GenBank,2,4B;4K,AvailableCallsDisagree
JF735129,"UNASSIGNED_1, 4V-4K",4V,4Q,9436,4V,1886,,4,GenBank,3,"4Q;4V;UNASSIGNED_1, 4V-4K",AvailableCallsDisagree
JF735130,"UNASSIGNED_1, 4V-4O",4V,4Q,9447,4V,1893,,4,GenBank,3,"4Q;4V;UNASSIGNED_1, 4V-4O",AvailableCallsDisagree
JF735131,"UNASSIGNED_1, 4V-4G",4V,4Q,9438,4Q,1892,,4,GenBank,3,"4Q;4V;UNASSIGNED_1, 4V-4G",AvailableCallsDisagree
JF735132,4V,4F,4Q,7554,4Q,1893,,4,GenBank,3,4F;4Q;4V,AvailableCallsDisagree
JF735134,4K,4A,4B,9451,4B,1893,,4,GenBank,3,4A;4B;4K,AvailableCallsDisagree
JF735135,4A,4A,4C,9476,4C,1892,,4,GenBank,2,4A;4C,AvailableCallsDisagree
JF735136,"UNASSIGNED_1, 4V-4G",4F,4S,9426,4S,1893,,4,GenBank,3,"4F;4S;UNASSIGNED_1, 4V-4G",AvailableCallsDisagree
JF735138,4K,4K,4B,9446,4B,1892,,4,GenBank,2,4B;4K,AvailableCallsDisagree
JN704286,1A,1A,1A,1893,1A,1893,1B,5,,2,1A;1B,AllFiveDisagree
PX361034,"UNASSIGNED_1, 1L-2A",1L,1L,6117,1L,1893,,4,GenBank,2,"1L;UNASSIGNED_1, 1L-2A",AvailableCallsDisagree
PX376057,"UNASSIGNED_1, 1L-2K-2J-2A-2Q",1L,1L,6122,1L,1893,,4,GenBank,2,"1L;UNASSIGNED_1, 1L-2K-2J-2A-2Q",AvailableCallsDisagree
PX376058,"UNASSIGNED_1, 1L-2A",1L,1L,9296,1L,1893,,4,GenBank,2,"1L;UNASSIGNED_1, 1L-2A",AvailableCallsDisagree
PX376059,"UNASSIGNED_1, 1L-4V-4F",1L,1L,6122,1L,1892,,4,GenBank,2,"1L;UNASSIGNED_1, 1L-4V-4F",AvailableCallsDisagree
PX386811,"UNASSIGNED_1, 1A-3A",1A,1A,9362,1A,1893,1A,5,,2,"1A;UNASSIGNED_1, 1A-3A",AllFiveDisagree
PX386926,2J,2J,2M,9471,2M,1884,,4,GenBank,2,2J;2M,AvailableCallsDisagree
PX386968,"UNASSIGNED_1, 3H-6A",3H,1K,7405,3H,1892,,4,GenBank,3,"1K;3H;UNASSIGNED_1, 3H-6A",AvailableCallsDisagree
PX386994,4A,4A,4A,9240,4A,1893,4C,5,,2,4A;4C,AllFiveDisagree
PX386995,4A,4A,4A,9306,4A,1893,4C,5,,2,4A;4C,AllFiveDisagree
PX445003,"UNASSIGNED_1, 1H-4F-4L-4F",1H,1H,9331,1H,1893,,4,GenBank,2,"1H;UNASSIGNED_1, 1H-4F-4L-4F",AvailableCallsDisagree
PX446221,"UNASSIGNED_1, 1L-2K-2A",1L,1L,9286,1L,1893,,4,GenBank,2,"1L;UNASSIGNED_1, 1L-2K-2A",AvailableCallsDisagree
PX446960,"UNASSIGNED_1, 1L-4F",1L,1L,9275,1L,1893,,4,GenBank,2,"1L;UNASSIGNED_1, 1L-4F",AvailableCallsDisagree
EU246937,"UNASSIGNED_1, 6N-6O-6E-6A-6O",6N,6N,9363,6N,1894,6N,5,,2,"6N;UNASSIGNED_1, 6N-6O-6E-6A-6O",AllFiveDisagree
EU408330,6XA,6XA,6XA,9451,6XA,1893,6U,5,,2,6U;6XA,AllFiveDisagree
EU408331,6XA,6XA,6XA,9451,6XA,1893,6U,5,,2,6U;6XA,AllFiveDisagree
EU408332,6XA,6XA,6XA,9443,6XA,1893,6U,5,,2,6U;6XA,AllFiveDisagree
EU643835,"UNASSIGNED_1, 6W-2B",6W,6W,9200,6W,1893,,4,GenBank,2,"6W;UNASSIGNED_1, 6W-2B",AvailableCallsDisagree
FJ025854,"UNASSIGNED_1, 4K-4F",4K,4W,9275,4W,1892,4B,5,,4,"4B;4K;4W;UNASSIGNED_1, 4K-4F",AllFiveDisagree
FJ025855,4W,4W,4W,9242,4W,1893,4B,5,,2,4B;4W,AllFiveDisagree
FJ025856,4W,4W,4W,9271,4W,1893,4B,5,,2,4B;4W,AllFiveDisagree
FJ462437,"UNASSIGNED_1, 4D-4O",4D,4D,9421,4D,1893,4D,5,,2,"4D;UNASSIGNED_1, 4D-4O",AllFiveDisagree
FJ775756,4V,4V,4Q,559,4Q,559,,4,GenBank,2,4Q;4V,AvailableCallsDisagree
FJ775759,4L,4L,4V,559,4V,559,,4,GenBank,2,4L;4V,AvailableCallsDisagree
FJ775762,4F,4F,4Q,559,4Q,559,,4,GenBank,2,4F;4Q,AvailableCallsDisagree
JX183549,6K,6L,8A,9292,6XI,1893,6K-RELATED,5,,5,6K;6K-RELATED;6L;6XI;8A,AllFiveDisagree
JX183550,6L,6L,6K,9463,6XI,1893,6K-RELATED,5,,4,6K;6K-RELATED;6L;6XI,AllFiveDisagree
JX183551,6L,6L,6XB,9414,6XB,1893,6K-RELATED,5,,3,6K-RELATED;6L;6XB,AllFiveDisagree
JX183552,6L,6L,6XB,9533,6XB,1892,6K-RELATED,5,,3,6K-RELATED;6L;6XB,AllFiveDisagree
JX183553,6L,6L,6L,9462,6L,1892,6L-RELATED,5,,2,6L;6L-RELATED,AllFiveDisagree
JX183554,6L,6L,8A,9277,6L,1886,6L-RELATED,5,,3,6L;6L-RELATED;8A,AllFiveDisagree
JX183557,6N,6N,6XE,9460,6XE,1893,,4,GenBank,2,6N;6XE,AvailableCallsDisagree
JX227952,"UNASSIGNED_1, 1B-2J-2A-2J-2Q-2K-2Q-2K",1B,1B,6210,1B,1893,,4,GenBank,2,"1B;UNASSIGNED_1, 1B-2J-2A-2J-2Q-2K-2Q-2K",AvailableCallsDisagree
JX227963,4G?,4G?,4G,9318,4G,1892,,4,GenBank,2,4G;4G?,AvailableCallsDisagree
JX227964,4K,4K,4G,9348,4R,1893,,4,GenBank,3,4G;4K;4R,AvailableCallsDisagree
KC123498,1G,1G,1G,542,1G,542,1B,5,,2,1B;1G,AllFiveDisagree
KC123631,1B,1B,1D,2085,1D,1890,1B,5,,2,1B;1D,AllFiveDisagree
KC124575,1B,1B,1D,2086,1D,1891,1B,5,,2,1B;1D,AllFiveDisagree
KC125213,1E,1E,1E,2085,1E,1893,1A,5,,2,1A;1E,AllFiveDisagree
KC125692,1B,1B,1A,2086,1N,1894,1A,5,,3,1A;1B;1N,AllFiveDisagree
KC125738,1B,1B,1B,2084,1B,1892,1A,5,,2,1A;1B,AllFiveDisagree
KC126054,1E,1E,1E,2085,1E,1893,1A,5,,2,1A;1E,AllFiveDisagree
KC126711,1B,1B,1C,2084,1C,1892,1A,5,,3,1A;1B;1C,AllFiveDisagree
KC197229,"UNASSIGNED_1, 2I-2K-2C-3H",2I,2I,9385,2I,1884,2I,5,,2,"2I;UNASSIGNED_1, 2I-2K-2C-3H",AllFiveDisagree
KC197230,"UNASSIGNED_1, 2I-2K",2I,2I,9378,2I,1884,2I,5,,2,"2I;UNASSIGNED_1, 2I-2K",AllFiveDisagree
KC197231,"UNASSIGNED_1, 2I-2K-2B-3H",2I,2I,9380,2I,1884,2I,5,,2,"2I;UNASSIGNED_1, 2I-2K-2B-3H",AllFiveDisagree
KC197233,"UNASSIGNED_1, 2J-6K",2J,2J,9483,2J,1893,2J,5,,2,"2J;UNASSIGNED_1, 2J-6K",AllFiveDisagree
KC197235,2B,2B,2L,9358,2L,1893,2L,5,,2,2B;2L,AllFiveDisagree
KC197236,2J,2B,2M,9441,2D,1883,,4,GenBank,4,2B;2D;2J;2M,AvailableCallsDisagree
KC197237,2J,2J,2C,9451,2Q,1886,,4,GenBank,3,2C;2J;2Q,AvailableCallsDisagree
KC197238,2B,2B,2T,9616,2T,1884,,4,GenBank,2,2B;2T,AvailableCallsDisagree
KC197239,2B,2B,2Q,9465,2C,1879,,4,GenBank,3,2B;2C;2Q,AvailableCallsDisagree
KC197240,2B,2B,2L,9402,2L,1893,2L,5,,2,2B;2L,AllFiveDisagree
KC844039,6W,2B,6XA,9462,6XA,1892,,4,GenBank,3,2B;6W;6XA,AvailableCallsDisagree
KC844040,6W,2B,6XD,9455,6A,1893,,4,GenBank,4,2B;6A;6W;6XD,AvailableCallsDisagree
KC844042,2J,2J,2F,9472,2F,1884,2F,5,,2,2F;2J,AllFiveDisagree
KC844050,2J,2J,2F,9470,2F,1884,2F,5,,2,2F;2J,AllFiveDisagree
KC844051,"UNASSIGNED_1, 1B-3H",1B,1B,9413,1B,1893,1B,5,,2,"1B;UNASSIGNED_1, 1B-3H",AllFiveDisagree
KC844052,"UNASSIGNED_1, 1B-3H",1B,1B,9409,1B,1892,1B,5,,2,"1B;UNASSIGNED_1, 1B-3H",AllFiveDisagree
OP022918,"UNASSIGNED_1, 2B-2D",2B,2D,9102,2B,1893,2B,5,,3,"2B;2D;UNASSIGNED_1, 2B-2D",AllFiveDisagree
KJ439768,1B,1B,1D,9451,1D,1890,1D,5,,2,1B;1D,AllFiveDisagree
KJ439772,1B,1B,1I,9421,1I,1893,1I,5,,2,1B;1I,AllFiveDisagree
KJ439773,1A,1A,1J,9413,1J,1893,1J,5,,2,1A;1J,AllFiveDisagree
KJ439774,1A,1A,1K,9446,1K,1893,1K,5,,2,1A;1K,AllFiveDisagree
KJ439775,1A,1A,1N,9411,1N,1893,,4,GenBank,2,1A;1N,AvailableCallsDisagree
KJ439777,1A,1A,1K,9400,1K,1893,,4,GenBank,2,1A;1K,AvailableCallsDisagree
KJ439778,1A,1A,1M,9448,1M,1893,,4,GenBank,2,1A;1M,AvailableCallsDisagree
KJ439779,1B,1B,1O,9413,1O,1893,,4,GenBank,2,1B;1O,AvailableCallsDisagree
KJ439780,1A,1A,1K,9403,1M,1893,,4,GenBank,3,1A;1K;1M,AvailableCallsDisagree
KJ439781,1A,1A,1N,9447,1N,1893,,4,GenBank,2,1A;1N,AvailableCallsDisagree
KJ439782,1A,1A,1M,9448,1M,1893,,4,GenBank,2,1A;1M,AvailableCallsDisagree
KJ470618,3A,3A,3E,9458,3E,1893,3E,5,,2,3A;3E,AllFiveDisagree
KJ470619,3A,3A,3D,9458,3D,1893,3D,5,,2,3A;3D,AllFiveDisagree
KJ470623,6W,6W,6G,9466,6G,1893,,4,GenBank,2,6G;6W,AvailableCallsDisagree
KJ470624,6G,1B,6G,9470,6G,1893,,4,GenBank,2,1B;6G,AvailableCallsDisagree
KJ470625,6W,1B,6G,9458,6G,1893,,4,GenBank,3,1B;6G;6W,AvailableCallsDisagree
KJ567644,6L,6L,6XB,9399,6XB,1892,,4,GenBank,2,6L;6XB,AvailableCallsDisagree
KJ567645,6L,6L,6XB,9401,6XB,1893,6XB,5,,2,6L;6XB,AllFiveDisagree
KJ567646,6E,6E,6XF,9428,6XF,1893,,4,GenBank,2,6E;6XF,AvailableCallsDisagree
KJ567647,6W,6W,6XF,9421,6XF,1893,,4,GenBank,2,6W;6XF,AvailableCallsDisagree
KJ567648,6W,6W,6XF,9418,6XF,1873,,4,GenBank,2,6W;6XF,AvailableCallsDisagree
KJ567649,6E,6E,6XC,9435,6XC,1893,,4,GenBank,2,6E;6XC,AvailableCallsDisagree
KJ567650,6E,6E,6XC,9435,6XC,1893,,4,GenBank,2,6E;6XC,AvailableCallsDisagree
KJ567651,6E,6E,6XC,9442,6XC,1893,6XC,5,,2,6E;6XC,AllFiveDisagree
KJ567652,6E,6E,6XC,9447,6U,1893,,4,GenBank,3,6E;6U;6XC,AvailableCallsDisagree
KJ678754,"UNASSIGNED_1, 6A-3H",6A,6A,9358,6A,1893,6A,5,,2,"6A;UNASSIGNED_1, 6A-3H",AllFiveDisagree
KJ678768,"UNASSIGNED_1, 6A-3A",6A,6A,9358,6A,1893,6A,5,,2,"6A;UNASSIGNED_1, 6A-3A",AllFiveDisagree
KM057781,2K,2K,2Q,590,2Q,590,,4,GenBank,2,2K;2Q,AvailableCallsDisagree
KM102760,"UNASSIGNED_1, 1A-2B",1A,1A,6107,1A,1893,2B,5,,3,"1A;2B;UNASSIGNED_1, 1A-2B",AllFiveDisagree
KM102761,"UNASSIGNED_1, 1A-2B",1A,1A,5977,1A,1893,2B,5,,3,"1A;2B;UNASSIGNED_1, 1A-2B",AllFiveDisagree
KM102762,"UNASSIGNED_1, 1A-2B",1A,1A,6213,1A,1893,2B,5,,3,"1A;2B;UNASSIGNED_1, 1A-2B",AllFiveDisagree
KM102763,"UNASSIGNED_1, 1A-2B",1A,1A,6229,1A,1893,2B,5,,3,"1A;2B;UNASSIGNED_1, 1A-2B",AllFiveDisagree
KM102764,"UNASSIGNED_1, 1B-2J-2A-2B",1B,1B,6252,1B,1892,2B,5,,3,"1B;2B;UNASSIGNED_1, 1B-2J-2A-2B",AllFiveDisagree
KM102765,"UNASSIGNED_1, 1B-2K",1B,1B,6016,1B,1892,2K,5,,3,"1B;2K;UNASSIGNED_1, 1B-2K",AllFiveDisagree
KM102766,"UNASSIGNED_1, 1B-2B",1B,1B,6166,1B,1892,2B,5,,3,"1B;2B;UNASSIGNED_1, 1B-2B",AllFiveDisagree
KM102767,"UNASSIGNED_1, 1B-2B",1B,1B,6195,1B,1892,2B,5,,3,"1B;2B;UNASSIGNED_1, 1B-2B",AllFiveDisagree
KM102768,"UNASSIGNED_1, 1B-2A-2K",1B,1B,6221,1B,1892,2K,5,,3,"1B;2K;UNASSIGNED_1, 1B-2A-2K",AllFiveDisagree
KM102769,"UNASSIGNED_1, 1B-2A-2K",1B,1B,6218,1B,1892,2K,5,,3,"1B;2K;UNASSIGNED_1, 1B-2A-2K",AllFiveDisagree
KM102770,"UNASSIGNED_1, 1B-2K",1B,1B,6217,1B,1892,2K,5,,3,"1B;2K;UNASSIGNED_1, 1B-2K",AllFiveDisagree
KM252788,"UNASSIGNED_1, 6U-2B",6U,6U,9373,6U,1893,6U,5,,2,"6U;UNASSIGNED_1, 6U-2B",AllFiveDisagree
KM252789,6A,6A,6XD,9432,6XD,1893,6XD,5,,2,6A;6XD,AllFiveDisagree
KM252790,6A,6A,6XD,9435,6XD,1893,6XD,5,,2,6A;6XD,AllFiveDisagree
KM252791,6A,6A,6XD,9434,6XD,1893,6XD,5,,2,6A;6XD,AllFiveDisagree
KM252792,6N,6N,6XE,9401,6XE,1893,6XE,5,,2,6N;6XE,AllFiveDisagree
KM252793,6D,6D,1H,9456,6D,1892,,4,GenBank,2,1H;6D,AvailableCallsDisagree
KM252794,6W,6W,6H,9410,6H,1893,,4,GenBank,2,6H;6W,AvailableCallsDisagree
KM252796,6E,6E,1C,9450,6C,1894,,4,GenBank,3,1C;6C;6E,AvailableCallsDisagree
KM252797,6E,6W,6Q,9428,6Q,1893,,4,GenBank,3,6E;6Q;6W,AvailableCallsDisagree
KM252798,6E,1B,8A,9272,6XF,1893,,4,GenBank,4,1B;6E;6XF;8A,AvailableCallsDisagree
KM252799,6A,6A,6B,9441,6XD,1892,,4,GenBank,3,6A;6B;6XD,AvailableCallsDisagree
KM252800,6E,6T,6Q,9419,6Q,1893,,4,GenBank,3,6E;6Q;6T,AvailableCallsDisagree
KM504111,6E,6O,6C,9465,6C,1884,,4,GenBank,3,6C;6E;6O,AvailableCallsDisagree
KM504112,1B,1B,6P,9534,6XF,1893,,4,GenBank,3,1B;6P;6XF,AvailableCallsDisagree
KM504114,6O,6T,6Q,9457,6Q,1893,,4,GenBank,3,6O;6Q;6T,AvailableCallsDisagree
KM504117,6E,6T,6Q,9486,6Q,1892,,4,GenBank,3,6E;6Q;6T,AvailableCallsDisagree
KM504118,6W,1B,6XF,9439,6XF,1891,,4,GenBank,3,1B;6W;6XF,AvailableCallsDisagree
KM504120,6E,2J,6Q,9461,6Q,1892,,4,GenBank,3,2J;6E;6Q,AvailableCallsDisagree
KM504121,6W,6E,6Q,9462,6Q,1894,,4,GenBank,3,6E;6Q;6W,AvailableCallsDisagree
KM504123,6S,6S,1J,9459,6S,1893,6S,5,,2,1J;6S,AllFiveDisagree
KM504124,6C,6C,1H,9479,6C,1893,6C,5,,2,1H;6C,AllFiveDisagree
KM580619,1B,1B,1A,1892,1A,1892,1A,5,,2,1A;1B,AllFiveDisagree
KM587623,"UNASSIGNED_1, 3I-3K",3I,3I,9432,3I,1890,3I,5,,2,"3I;UNASSIGNED_1, 3I-3K",AllFiveDisagree
KM587625,"UNASSIGNED_1, 4D-4A-4N-4G-1A-3H",4D,4D,9422,4D,1892,4D,5,,2,"4D;UNASSIGNED_1, 4D-4A-4N-4G-1A-3H",AllFiveDisagree
KP162364,2J,2J,2T,575,2T,575,,4,GenBank,2,2J;2T,AvailableCallsDisagree
KP162407,4R,4R,4R,575,4R,575,4A,5,,2,4A;4R,AllFiveDisagree
KP162427,1B,1B,1B,609,1B,589,3A,5,,2,1B;3A,AllFiveDisagree
KP162441,4L,4L,4L,575,4L,575,4A,5,,2,4A;4L,AllFiveDisagree
KP162443,4L,4L,4L,490,4L,490,4A,5,,2,4A;4L,AllFiveDisagree
KP162567,1B,1B,1D,575,1D,575,1B,5,,2,1B;1D,AllFiveDisagree
KP162585,1B,1B,1I,576,1I,576,1B,5,,2,1B;1I,AllFiveDisagree
KP162611,2J,2J,2F,571,2F,571,,4,GenBank,2,2F;2J,AvailableCallsDisagree
KP162647,1A,1A,1A,576,1A,576,1B,5,,2,1A;1B,AllFiveDisagree
KP162680,2J,2J,2U,551,2U,551,,4,GenBank,2,2J;2U,AvailableCallsDisagree
KP162796,2J,2J,2U,519,2U,519,,4,GenBank,2,2J;2U,AvailableCallsDisagree
KP162880,1H,1H,1H,574,1H,574,1B,5,,2,1B;1H,AllFiveDisagree
KP162979,2I,2I,2I,576,2I,576,2K,5,,2,2I;2K,AllFiveDisagree
KP163083,1B,1B,1D,562,1D,562,1B,5,,2,1B;1D,AllFiveDisagree
KP163084,1B,1B,1D,562,1D,562,1B,5,,2,1B;1D,AllFiveDisagree
KP163194,2B,2B,2T,545,2T,545,,4,GenBank,2,2B;2T,AvailableCallsDisagree
KP163207,4D,4D,4D,568,4D,568,4A,5,,2,4A;4D,AllFiveDisagree
KP163254,2J,2J,2J,575,2J,575,2C,5,,2,2C;2J,AllFiveDisagree
KP163260,4A,4A,4C,482,4C,482,4A,5,,2,4A;4C,AllFiveDisagree
KP163456,1B,1B,1D,483,1D,483,1B,5,,2,1B;1D,AllFiveDisagree
KP163468,1L,1L,1L,483,1L,483,1B,5,,2,1B;1L,AllFiveDisagree
KY620322,"UNASSIGNED_1, 2A-3A",2A,2A,9468,2A,1893,,4,GenBank,2,"2A;UNASSIGNED_1, 2A-3A",AvailableCallsDisagree
KY620330,"UNASSIGNED_1, 2C-2B-3G-2B-2A",2C,2C,9510,2C,1883,,4,GenBank,2,"2C;UNASSIGNED_1, 2C-2B-3G-2B-2A",AvailableCallsDisagree
KY620333,"UNASSIGNED_1, 2C-6H-3H",2C,2C,9467,2C,1884,,4,GenBank,2,"2C;UNASSIGNED_1, 2C-6H-3H",AvailableCallsDisagree
KY620334,"UNASSIGNED_1, 2C-6H-2B",2C,2C,9470,2C,1884,,4,GenBank,2,"2C;UNASSIGNED_1, 2C-6H-2B",AvailableCallsDisagree
KY620364,"UNASSIGNED_1, 3A-3H",3A,3A,9414,3A,1895,,4,GenBank,2,"3A;UNASSIGNED_1, 3A-3H",AvailableCallsDisagree
KY620370,"UNASSIGNED_1, 3A-3H",3A,3A,9412,3A,1895,,4,GenBank,2,"3A;UNASSIGNED_1, 3A-3H",AvailableCallsDisagree
KY620373,"UNASSIGNED_1, 3A-3H",3A,3A,9458,3A,1895,,4,GenBank,2,"3A;UNASSIGNED_1, 3A-3H",AvailableCallsDisagree
KY620384,"UNASSIGNED_1, 3A-3H",3A,3A,9449,3A,1895,,4,GenBank,2,"3A;UNASSIGNED_1, 3A-3H",AvailableCallsDisagree
KY620390,"UNASSIGNED_1, 3A-3H",3A,3A,9442,3A,1895,,4,GenBank,2,"3A;UNASSIGNED_1, 3A-3H",AvailableCallsDisagree
KY620404,"UNASSIGNED_1, 3A-3H",3A,3A,9416,3A,1895,,4,GenBank,2,"3A;UNASSIGNED_1, 3A-3H",AvailableCallsDisagree
KY620414,"UNASSIGNED_1, 3A-3H",3A,3A,9464,3A,1895,,4,GenBank,2,"3A;UNASSIGNED_1, 3A-3H",AvailableCallsDisagree
KY620427,"UNASSIGNED_1, 3A-3H",3A,3A,9457,3A,1894,,4,GenBank,2,"3A;UNASSIGNED_1, 3A-3H",AvailableCallsDisagree
KY620437,"UNASSIGNED_1, 3A-3H",3A,3A,9446,3A,1895,,4,GenBank,2,"3A;UNASSIGNED_1, 3A-3H",AvailableCallsDisagree
KY620448,"UNASSIGNED_1, 3A-3H",3A,3A,9457,3A,1895,,4,GenBank,2,"3A;UNASSIGNED_1, 3A-3H",AvailableCallsDisagree
KY620456,"UNASSIGNED_1, 3A-3H",3A,3A,9422,3A,1895,,4,GenBank,2,"3A;UNASSIGNED_1, 3A-3H",AvailableCallsDisagree
KY620484,"UNASSIGNED_1, 3A-3H",3A,3A,9437,3A,1895,,4,GenBank,2,"3A;UNASSIGNED_1, 3A-3H",AvailableCallsDisagree
KY620508,"UNASSIGNED_1, 3A-3H",3A,3A,9432,3A,1895,,4,GenBank,2,"3A;UNASSIGNED_1, 3A-3H",AvailableCallsDisagree
KY620514,"UNASSIGNED_1, 3A-3H",3A,3A,9458,3A,1894,,4,GenBank,2,"3A;UNASSIGNED_1, 3A-3H",AvailableCallsDisagree
KY620515,"UNASSIGNED_1, 3A-3H",3A,3A,9460,3A,1895,,4,GenBank,2,"3A;UNASSIGNED_1, 3A-3H",AvailableCallsDisagree
KY620516,"UNASSIGNED_1, 3A-3H",3A,3A,9437,3A,1895,,4,GenBank,2,"3A;UNASSIGNED_1, 3A-3H",AvailableCallsDisagree
KY620517,"UNASSIGNED_1, 3A-3H",3A,3A,9459,3A,1895,,4,GenBank,2,"3A;UNASSIGNED_1, 3A-3H",AvailableCallsDisagree
KY620519,"UNASSIGNED_1, 3A-3H",3A,3A,9427,3A,1894,,4,GenBank,2,"3A;UNASSIGNED_1, 3A-3H",AvailableCallsDisagree
KY620526,"UNASSIGNED_1, 3A-3H",3A,3A,9433,3A,1895,,4,GenBank,2,"3A;UNASSIGNED_1, 3A-3H",AvailableCallsDisagree
KY620549,"UNASSIGNED_1, 3A-3H",3A,3A,9417,3A,1895,,4,GenBank,2,"3A;UNASSIGNED_1, 3A-3H",AvailableCallsDisagree
KY620552,"UNASSIGNED_1, 3A-3H",3A,3A,9458,3A,1895,,4,GenBank,2,"3A;UNASSIGNED_1, 3A-3H",AvailableCallsDisagree
KY620568,"UNASSIGNED_1, 3A-3H",3A,3A,9456,3A,1893,,4,GenBank,2,"3A;UNASSIGNED_1, 3A-3H",AvailableCallsDisagree
KY620574,"UNASSIGNED_1, 3A-3H",3A,3A,9457,3A,1894,,4,GenBank,2,"3A;UNASSIGNED_1, 3A-3H",AvailableCallsDisagree
KY620580,"UNASSIGNED_1, 3A-3H",3A,3A,9413,3A,1894,,4,GenBank,2,"3A;UNASSIGNED_1, 3A-3H",AvailableCallsDisagree
KY620606,"UNASSIGNED_1, 3A-3H",3A,3A,9457,3A,1895,,4,GenBank,2,"3A;UNASSIGNED_1, 3A-3H",AvailableCallsDisagree
KY620641,"UNASSIGNED_1, 3A-3H",3A,3A,9432,3A,1894,,4,GenBank,2,"3A;UNASSIGNED_1, 3A-3H",AvailableCallsDisagree
KY620671,"UNASSIGNED_1, 3A-3H",3A,3A,9456,3A,1894,,4,GenBank,2,"3A;UNASSIGNED_1, 3A-3H",AvailableCallsDisagree
KY620675,"UNASSIGNED_1, 3A-3H",3A,3A,9442,3A,1893,,4,GenBank,2,"3A;UNASSIGNED_1, 3A-3H",AvailableCallsDisagree
KY620721,"UNASSIGNED_1, 3A-3H",3A,3A,9456,3A,1893,,4,GenBank,2,"3A;UNASSIGNED_1, 3A-3H",AvailableCallsDisagree
KY620724,"UNASSIGNED_1, 3A-3H",3A,3A,9426,3A,1893,,4,GenBank,2,"3A;UNASSIGNED_1, 3A-3H",AvailableCallsDisagree
KY620738,"UNASSIGNED_1, 3A-3H",3A,3A,9418,3A,1894,,4,GenBank,2,"3A;UNASSIGNED_1, 3A-3H",AvailableCallsDisagree
KY620748,"UNASSIGNED_1, 3A-3H",3A,3A,9432,3A,1893,,4,GenBank,2,"3A;UNASSIGNED_1, 3A-3H",AvailableCallsDisagree
KY620759,"UNASSIGNED_1, 3A-3H",3A,3A,9459,3A,1893,,4,GenBank,2,"3A;UNASSIGNED_1, 3A-3H",AvailableCallsDisagree
KY620790,"UNASSIGNED_1, 3A-3H",3A,3A,9432,3A,1894,,4,GenBank,2,"3A;UNASSIGNED_1, 3A-3H",AvailableCallsDisagree
KY620791,"UNASSIGNED_1, 3A-3H",3A,3A,9444,3A,1894,,4,GenBank,2,"3A;UNASSIGNED_1, 3A-3H",AvailableCallsDisagree
KY620801,"UNASSIGNED_1, 3A-3H",3A,3A,9447,3A,1894,,4,GenBank,2,"3A;UNASSIGNED_1, 3A-3H",AvailableCallsDisagree
KY620811,"UNASSIGNED_1, 3A-3H",3A,3A,9435,3A,1894,,4,GenBank,2,"3A;UNASSIGNED_1, 3A-3H",AvailableCallsDisagree
KY620823,"UNASSIGNED_1, 3A-3H",3A,3A,9444,3A,1895,,4,GenBank,2,"3A;UNASSIGNED_1, 3A-3H",AvailableCallsDisagree
KY620824,"UNASSIGNED_1, 3A-3H",3A,3A,9460,3A,1894,,4,GenBank,2,"3A;UNASSIGNED_1, 3A-3H",AvailableCallsDisagree
KY620832,"UNASSIGNED_1, 3A-3H",3A,3A,9459,3A,1893,,4,GenBank,2,"3A;UNASSIGNED_1, 3A-3H",AvailableCallsDisagree
KY620836,"UNASSIGNED_1, 3A-3H",3A,3A,9426,3A,1895,,4,GenBank,2,"3A;UNASSIGNED_1, 3A-3H",AvailableCallsDisagree
KY620860,"UNASSIGNED_1, 3A-2B",3A,3A,9421,3A,1894,,4,GenBank,2,"3A;UNASSIGNED_1, 3A-2B",AvailableCallsDisagree
KY620868,"UNASSIGNED_1, 3A-2B","UNASSIGNED_1, 3A-2B",3A,2418,3A,884,,4,GenBank,2,"3A;UNASSIGNED_1, 3A-2B",AvailableCallsDisagree
KY620872,"UNASSIGNED_1, 3B-3H",3B,3B,9416,3B,1890,,4,GenBank,2,"3B;UNASSIGNED_1, 3B-3H",AvailableCallsDisagree
KY620875,"UNASSIGNED_1, 3B-3A",3B,3B,9438,3B,1889,,4,GenBank,2,"3B;UNASSIGNED_1, 3B-3A",AvailableCallsDisagree
KY620879,3G,3B,3I,9439,3B,1882,,4,GenBank,3,3B;3G;3I,AvailableCallsDisagree
KY620880,"UNASSIGNED_1, 1A-2B",1A,1A,6171,1A,1893,,4,GenBank,2,"1A;UNASSIGNED_1, 1A-2B",AvailableCallsDisagree
KY780122,"UNASSIGNED_1, 1B-2J-2K",1B,1B,6199,1B,1892,,4,GenBank,2,"1B;UNASSIGNED_1, 1B-2J-2K",AvailableCallsDisagree
KY780123,"UNASSIGNED_1, 1B-2J-2K",1B,1B,6199,1B,1892,,4,GenBank,2,"1B;UNASSIGNED_1, 1B-2J-2K",AvailableCallsDisagree
KY883982,"UNASSIGNED_1, 1B-2J-2K",1B,1B,6198,1B,1892,,4,GenBank,2,"1B;UNASSIGNED_1, 1B-2J-2K",AvailableCallsDisagree
LC368351,"UNASSIGNED_1, 1A-3A",1A,1A,8434,1A,1893,,4,GenBank,2,"1A;UNASSIGNED_1, 1A-3A",AvailableCallsDisagree
LC368352,"UNASSIGNED_1, 3A-1A","UNASSIGNED_1, 3A-1A",3A,8450,3A,1907,,4,GenBank,2,"3A;UNASSIGNED_1, 3A-1A",AvailableCallsDisagree
LC368366,"UNASSIGNED_1, 1A-2B",1A,1A,5349,1A,1893,,4,GenBank,2,"1A;UNASSIGNED_1, 1A-2B",AvailableCallsDisagree
LC368421,6W,6W,6XA,8439,6XA,1893,,4,GenBank,2,6W;6XA,AvailableCallsDisagree
LC435024,6R,6R,1K,9421,6R,1893,,4,GenBank,2,1K;6R,AvailableCallsDisagree
KR870888,"UNASSIGNED_1, 1E-4K-4N-4G-4A-4F-4D-4G",1E,1E,9350,1E,1892,,4,GenBank,2,"1E;UNASSIGNED_1, 1E-4K-4N-4G-4A-4F-4D-4G",AvailableCallsDisagree
KT232490,1A,1A,1A,2055,1A,1893,1B,5,,2,1A;1B,AllFiveDisagree
KT232492,1B,1B,1B,2054,1B,1893,1A,5,,2,1A;1B,AllFiveDisagree
KT232496,1A,1A,1A,2055,1A,1893,1B,5,,2,1A;1B,AllFiveDisagree
KT232498,1A,1A,1A,2055,1A,1893,1B,5,,2,1A;1B,AllFiveDisagree
KT232500,1B,1B,1B,2055,1B,1892,1A,5,,2,1A;1B,AllFiveDisagree
KT232501,1B,1B,1B,2054,1B,1892,1A,5,,2,1A;1B,AllFiveDisagree
KT232502,1B,1B,1B,2054,1B,1892,1A,5,,2,1A;1B,AllFiveDisagree
KT232504,1A,1A,1A,2055,1A,1893,1B,5,,2,1A;1B,AllFiveDisagree
KT232505,1A,1A,1A,2055,1A,1893,1B,5,,2,1A;1B,AllFiveDisagree
KT232508,1B,1B,1B,2054,1B,1892,1A,5,,2,1A;1B,AllFiveDisagree
KT232511,1A,1A,1A,2055,1A,1893,1B,5,,2,1A;1B,AllFiveDisagree
KT232513,1B,1B,1B,2054,1B,1892,1A,5,,2,1A;1B,AllFiveDisagree
KT232515,1A,1A,1A,2055,1A,1893,1B,5,,2,1A;1B,AllFiveDisagree
KT232516,1A,1A,1A,2055,1A,1893,1B,5,,2,1A;1B,AllFiveDisagree
KT232521,1B,1B,1B,2054,1B,1892,1A,5,,2,1A;1B,AllFiveDisagree
KT232522,1B,1B,1B,2054,1B,1892,1A,5,,2,1A;1B,AllFiveDisagree
KT232523,1B,1B,1B,2054,1B,1892,1A,5,,2,1A;1B,AllFiveDisagree
KT232551,1A,1A,1A,2055,1A,1893,1B,5,,2,1A;1B,AllFiveDisagree
KT232552,1A,1A,1A,2054,1A,1893,1B,5,,2,1A;1B,AllFiveDisagree
KT232553,1A,1A,1A,2055,1A,1893,1B,5,,2,1A;1B,AllFiveDisagree
KT232554,1B,1B,1B,2054,1B,1892,1A,5,,2,1A;1B,AllFiveDisagree
KT232561,1B,1B,1B,2054,1B,1892,1A,5,,2,1A;1B,AllFiveDisagree
KT232563,1A,1A,1A,2055,1A,1893,1B,5,,2,1A;1B,AllFiveDisagree
KT232565,1B,1B,1B,2054,1B,1893,1A,5,,2,1A;1B,AllFiveDisagree
KT232566,1B,1B,1B,2054,1B,1893,1A,5,,2,1A;1B,AllFiveDisagree
KT232567,1A,1A,1A,2055,1A,1893,1B,5,,2,1A;1B,AllFiveDisagree
KT232571,1A,1A,1A,2055,1A,1893,1B,5,,2,1A;1B,AllFiveDisagree
KT232574,1B,1B,1B,2055,1B,1892,1A,5,,2,1A;1B,AllFiveDisagree
KT232575,1A,1A,1A,2055,1A,1893,1B,5,,2,1A;1B,AllFiveDisagree
KT232576,1B,1B,1B,2055,1B,1892,1A,5,,2,1A;1B,AllFiveDisagree
KT232577,1A,1A,1A,2055,1A,1893,1B,5,,2,1A;1B,AllFiveDisagree
KT232578,1B,1B,1B,2054,1B,1892,1A,5,,2,1A;1B,AllFiveDisagree
KT232579,1A,1A,1A,2054,1A,1893,1B,5,,2,1A;1B,AllFiveDisagree
KT232580,1B,1B,1B,2055,1B,1892,1A,5,,2,1A;1B,AllFiveDisagree
KT232583,1A,1A,1A,2055,1A,1893,1B,5,,2,1A;1B,AllFiveDisagree
KT232585,1B,1B,1B,2055,1B,1892,1A,5,,2,1A;1B,AllFiveDisagree
KT232586,1B,1B,1B,2054,1B,1892,1A,5,,2,1A;1B,AllFiveDisagree
KT232587,1A,1A,1A,2055,1A,1893,1B,5,,2,1A;1B,AllFiveDisagree
KT232588,1A,1A,1A,2055,1A,1893,1B,5,,2,1A;1B,AllFiveDisagree
KT232590,1B,1B,1B,2055,1B,1892,1A,5,,2,1A;1B,AllFiveDisagree
KT232594,1B,1B,1B,2054,1B,1892,1A,5,,2,1A;1B,AllFiveDisagree
KT232603,1A,1A,1A,2055,1A,1893,1B,5,,2,1A;1B,AllFiveDisagree
KT232608,1A,1A,1A,2055,1A,1893,1B,5,,2,1A;1B,AllFiveDisagree
KT232609,1B,1B,1B,2055,1B,1892,1A,5,,2,1A;1B,AllFiveDisagree
KT232613,1B,1B,1B,2055,1B,1892,1A,5,,2,1A;1B,AllFiveDisagree
KT232618,1A,1A,1A,2055,1A,1893,1B,5,,2,1A;1B,AllFiveDisagree
KT232620,1A,1A,1A,2055,1A,1893,1B,5,,2,1A;1B,AllFiveDisagree
KT232621,1A,1A,1A,2055,1A,1893,1B,5,,2,1A;1B,AllFiveDisagree
KT232622,1A,1A,1A,2055,1A,1893,1B,5,,2,1A;1B,AllFiveDisagree
KT232625,1B,1B,1B,2055,1B,1892,1A,5,,2,1A;1B,AllFiveDisagree
KT232626,1B,1B,1B,2055,1B,1892,1A,5,,2,1A;1B,AllFiveDisagree
KT232629,1A,1A,1A,2055,1A,1893,1B,5,,2,1A;1B,AllFiveDisagree
KT232631,1A,1A,1A,2055,1A,1892,1B,5,,2,1A;1B,AllFiveDisagree
KT232632,1B,1B,1B,2054,1B,1893,1A,5,,2,1A;1B,AllFiveDisagree
KT232634,1B,1B,1B,2055,1B,1892,1A,5,,2,1A;1B,AllFiveDisagree
KT232638,1A,1A,1A,2055,1A,1893,1B,5,,2,1A;1B,AllFiveDisagree
KT232640,1A,1A,1A,2055,1A,1893,1B,5,,2,1A;1B,AllFiveDisagree
KT232642,1A,1A,1A,2054,1A,1893,1B,5,,2,1A;1B,AllFiveDisagree
KT232644,1B,1B,1B,2054,1B,1892,1A,5,,2,1A;1B,AllFiveDisagree
KT232645,1B,1B,1B,2054,1B,1894,1A,5,,2,1A;1B,AllFiveDisagree
KT232646,1B,1B,1B,2054,1B,1892,1A,5,,2,1A;1B,AllFiveDisagree
KT232649,1B,1B,1B,2054,1B,1892,1A,5,,2,1A;1B,AllFiveDisagree
KT232650,1A,1A,1A,2055,1A,1893,1B,5,,2,1A;1B,AllFiveDisagree
KT232654,1B,1B,1B,2055,1B,1892,1A,5,,2,1A;1B,AllFiveDisagree
KT232655,1A,1A,1A,2055,1A,1893,1B,5,,2,1A;1B,AllFiveDisagree
KT232660,1A,1A,1A,2055,1A,1893,1B,5,,2,1A;1B,AllFiveDisagree
KT232662,1B,1B,1B,2054,1B,1892,1A,5,,2,1A;1B,AllFiveDisagree
KT232663,1A,1A,1A,2055,1A,1893,1B,5,,2,1A;1B,AllFiveDisagree
KT232664,1A,1A,1A,2055,1A,1893,1B,5,,2,1A;1B,AllFiveDisagree
KT232668,1A,1A,1A,2056,1A,1894,1B,5,,2,1A;1B,AllFiveDisagree
KT232670,1B,1B,1B,2055,1B,1892,1A,5,,2,1A;1B,AllFiveDisagree
KT232671,1A,1A,1A,2055,1A,1893,1B,5,,2,1A;1B,AllFiveDisagree
KT232672,1B,1B,1B,2055,1B,1893,1A,5,,2,1A;1B,AllFiveDisagree
KT232673,1B,1B,1B,2054,1B,1892,1A,5,,2,1A;1B,AllFiveDisagree
KT232674,1B,1B,1B,2055,1B,1892,1A,5,,2,1A;1B,AllFiveDisagree
KT232675,1B,1B,1B,2054,1B,1892,1A,5,,2,1A;1B,AllFiveDisagree
KT232676,1A,1A,1A,2055,1A,1893,1B,5,,2,1A;1B,AllFiveDisagree
KT232679,1A,1A,1A,2055,1A,1893,1B,5,,2,1A;1B,AllFiveDisagree
KT232681,1A,1A,1A,2055,1A,1893,1B,5,,2,1A;1B,AllFiveDisagree
KT232682,1B,1B,1B,2055,1B,1892,1A,5,,2,1A;1B,AllFiveDisagree
KT232683,1B,1B,1B,2054,1B,1892,1A,5,,2,1A;1B,AllFiveDisagree
KT232684,1A,1A,1A,2055,1A,1893,1B,5,,2,1A;1B,AllFiveDisagree
KT232686,1A,1A,1A,2055,1A,1893,1B,5,,2,1A;1B,AllFiveDisagree
KT232689,1A,1A,1A,2055,1A,1893,1B,5,,2,1A;1B,AllFiveDisagree
KT232690,1A,1A,1A,2055,1A,1893,1B,5,,2,1A;1B,AllFiveDisagree
KT232692,1B,1B,1B,2054,1B,1892,1A,5,,2,1A;1B,AllFiveDisagree
KT232693,1B,1B,1B,2055,1B,1892,1A,5,,2,1A;1B,AllFiveDisagree
KT232694,1B,1B,1B,2054,1B,1892,1A,5,,2,1A;1B,AllFiveDisagree
KT232701,1A,1A,1A,2055,1A,1893,1B,5,,2,1A;1B,AllFiveDisagree
KT232703,1B,1B,1B,2055,1B,1892,1A,5,,2,1A;1B,AllFiveDisagree
KT232704,1B,1B,1B,2054,1B,1892,1A,5,,2,1A;1B,AllFiveDisagree
KT232705,1B,1B,1B,2054,1B,1892,1A,5,,2,1A;1B,AllFiveDisagree
KT232708,1A,1A,1A,2055,1A,1893,1B,5,,2,1A;1B,AllFiveDisagree
KT232713,1A,1A,1A,2055,1A,1893,1B,5,,2,1A;1B,AllFiveDisagree
KT232714,1B,1B,1B,2054,1B,1892,1A,5,,2,1A;1B,AllFiveDisagree
KT232715,1B,1B,1B,2055,1B,1892,1A,5,,2,1A;1B,AllFiveDisagree
KT232716,1B,1B,1B,2054,1B,1892,1A,5,,2,1A;1B,AllFiveDisagree
KT232718,1A,1A,1A,2055,1A,1893,1B,5,,2,1A;1B,AllFiveDisagree
KT232719,1A,1A,1A,2055,1A,1893,1B,5,,2,1A;1B,AllFiveDisagree
KT232720,1A,1A,1A,2054,1A,1893,1B,5,,2,1A;1B,AllFiveDisagree
KT232721,1B,1B,1B,2054,1B,1892,1A,5,,2,1A;1B,AllFiveDisagree
KT232722,1A,1A,1A,2055,1A,1893,1B,5,,2,1A;1B,AllFiveDisagree
KT232723,1A,1A,1A,2055,1A,1893,1B,5,,2,1A;1B,AllFiveDisagree
KT232724,1A,1A,1A,2055,1A,1893,1B,5,,2,1A;1B,AllFiveDisagree
KT232725,1A,1A,1A,2055,1A,1893,1B,5,,2,1A;1B,AllFiveDisagree
KT232728,1B,1B,1B,2054,1B,1892,1A,5,,2,1A;1B,AllFiveDisagree
KT232729,1B,1B,1B,2054,1B,1892,1A,5,,2,1A;1B,AllFiveDisagree
KT232730,1A,1A,1A,2055,1A,1893,1B,5,,2,1A;1B,AllFiveDisagree
KT232731,1B,1B,1B,2054,1B,1892,1A,5,,2,1A;1B,AllFiveDisagree
KT232737,1A,1A,1A,2055,1A,1893,1B,5,,2,1A;1B,AllFiveDisagree
KT232740,1A,1A,1A,2055,1A,1893,1B,5,,2,1A;1B,AllFiveDisagree
KT232742,1B,1B,1B,2054,1B,1892,1A,5,,2,1A;1B,AllFiveDisagree
KT232743,1B,1B,1B,2055,1B,1892,1A,5,,2,1A;1B,AllFiveDisagree
KT232748,1B,1B,1B,2054,1B,1892,1A,5,,2,1A;1B,AllFiveDisagree
KT232749,1B,1B,1B,2055,1B,1892,1A,5,,2,1A;1B,AllFiveDisagree
KT232750,1B,1B,1B,2055,1B,1893,1A,5,,2,1A;1B,AllFiveDisagree
KT232751,1A,1A,1A,2055,1A,1893,1B,5,,2,1A;1B,AllFiveDisagree
KT232752,1A,1A,1A,2055,1A,1893,1B,5,,2,1A;1B,AllFiveDisagree
KT232754,1B,1B,1B,2054,1B,1893,1A,5,,2,1A;1B,AllFiveDisagree
KT232755,1B,1B,1B,2054,1B,1892,1A,5,,2,1A;1B,AllFiveDisagree
KT232757,1A,1A,1A,2055,1A,1893,1B,5,,2,1A;1B,AllFiveDisagree
KT232758,1A,1A,1A,2055,1A,1893,1B,5,,2,1A;1B,AllFiveDisagree
KT232760,1B,1B,1B,2054,1B,1892,1A,5,,2,1A;1B,AllFiveDisagree
KT232761,1B,1B,1B,2054,1B,1893,1A,5,,2,1A;1B,AllFiveDisagree
KT232764,1A,1A,1A,2055,1A,1893,1B,5,,2,1A;1B,AllFiveDisagree
KT232765,1A,1A,1A,2055,1A,1893,1B,5,,2,1A;1B,AllFiveDisagree
KT232766,1B,1B,1B,2054,1B,1892,1A,5,,2,1A;1B,AllFiveDisagree
KT232770,1A,1A,1A,2055,1A,1893,1B,5,,2,1A;1B,AllFiveDisagree
KT232772,1A,1A,1A,2055,1A,1893,1B,5,,2,1A;1B,AllFiveDisagree
KT232776,1B,1B,1B,2054,1B,1892,1A,5,,2,1A;1B,AllFiveDisagree
KT232777,1A,1A,1A,2055,1A,1893,1B,5,,2,1A;1B,AllFiveDisagree
KT232778,1A,1A,1A,2055,1A,1893,1B,5,,2,1A;1B,AllFiveDisagree
KT232779,1B,1B,1B,2054,1B,1892,1A,5,,2,1A;1B,AllFiveDisagree
KT232780,1B,1B,1B,2054,1B,1892,1A,5,,2,1A;1B,AllFiveDisagree
KT232782,1B,1B,1B,2054,1B,1892,1A,5,,2,1A;1B,AllFiveDisagree
KT232783,1B,1B,1B,2054,1B,1892,1A,5,,2,1A;1B,AllFiveDisagree
KT232785,1A,1A,1A,2055,1A,1893,1B,5,,2,1A;1B,AllFiveDisagree
KT232788,1A,1A,1A,2055,1A,1893,1B,5,,2,1A;1B,AllFiveDisagree
KT232791,1A,1A,1A,2055,1A,1893,1B,5,,2,1A;1B,AllFiveDisagree
KT232792,1A,1A,1A,2055,1A,1893,1B,5,,2,1A;1B,AllFiveDisagree
KT232794,1B,1B,1B,2055,1B,1892,1A,5,,2,1A;1B,AllFiveDisagree
KT232795,1B,1B,1B,2054,1B,1892,1A,5,,2,1A;1B,AllFiveDisagree
KT232796,1B,1B,1B,2054,1B,1893,1A,5,,2,1A;1B,AllFiveDisagree
KT232797,1B,1B,1B,2055,1B,1892,1A,5,,2,1A;1B,AllFiveDisagree
KT232799,1B,1B,1B,2055,1B,1892,1A,5,,2,1A;1B,AllFiveDisagree
KT232800,1B,1B,1B,2054,1B,1892,1A,5,,2,1A;1B,AllFiveDisagree
KT232801,1B,1B,1B,2054,1B,1893,1A,5,,2,1A;1B,AllFiveDisagree
KT232803,1A,1A,1A,2055,1A,1893,1B,5,,2,1A;1B,AllFiveDisagree
KT232806,1A,1A,1A,2055,1A,1893,1B,5,,2,1A;1B,AllFiveDisagree
KT232807,1A,1A,1A,2055,1A,1893,1B,5,,2,1A;1B,AllFiveDisagree
KT232810,1A,1A,1A,2055,1A,1893,1B,5,,2,1A;1B,AllFiveDisagree
KT232812,1B,1B,1B,2054,1B,1892,1A,5,,2,1A;1B,AllFiveDisagree
KT232815,1B,1B,1B,2055,1B,1892,1A,5,,2,1A;1B,AllFiveDisagree
KT232817,1A,1A,1A,2055,1A,1893,1B,5,,2,1A;1B,AllFiveDisagree
KT232818,1A,1A,1A,2055,1A,1893,1B,5,,2,1A;1B,AllFiveDisagree
KT232821,1A,1A,1A,2055,1A,1893,1B,5,,2,1A;1B,AllFiveDisagree
KT232823,1A,1A,1A,2055,1A,1893,1B,5,,2,1A;1B,AllFiveDisagree
KT232824,1A,1A,1A,2055,1A,1893,1B,5,,2,1A;1B,AllFiveDisagree
KT232825,1B,1B,1B,2055,1B,1893,1A,5,,2,1A;1B,AllFiveDisagree
KT232827,1B,1B,1B,2054,1B,1892,1A,5,,2,1A;1B,AllFiveDisagree
KT232828,1B,1B,1B,2054,1B,1892,1A,5,,2,1A;1B,AllFiveDisagree
KT232830,1B,1B,1B,2054,1B,1892,1A,5,,2,1A;1B,AllFiveDisagree
KT232832,1B,1B,1B,2054,1B,1893,1A,5,,2,1A;1B,AllFiveDisagree
KT232837,1A,1A,1A,2055,1A,1892,1B,5,,2,1A;1B,AllFiveDisagree
KT232838,1A,1A,1A,2055,1A,1893,1B,5,,2,1A;1B,AllFiveDisagree
KT232842,1B,1B,1B,2055,1B,1892,1A,5,,2,1A;1B,AllFiveDisagree
KT232844,1B,1B,1B,2054,1B,1895,1A,5,,2,1A;1B,AllFiveDisagree
KT232846,1B,1B,1B,2054,1B,1892,1A,5,,2,1A;1B,AllFiveDisagree
KT232848,1A,1A,1A,2055,1A,1893,1B,5,,2,1A;1B,AllFiveDisagree
KT232853,1A,1A,1A,2055,1A,1893,1B,5,,2,1A;1B,AllFiveDisagree
KT232854,1A,1A,1A,2055,1A,1893,1B,5,,2,1A;1B,AllFiveDisagree
KT232856,1B,1B,1B,2054,1B,1893,1A,5,,2,1A;1B,AllFiveDisagree
KT232857,1B,1B,1B,2055,1B,1892,1A,5,,2,1A;1B,AllFiveDisagree
KT232859,1A,1A,1A,2055,1A,1893,1B,5,,2,1A;1B,AllFiveDisagree
KT232860,1A,1A,1A,2055,1A,1893,1B,5,,2,1A;1B,AllFiveDisagree
KT232862,1B,1B,1B,2054,1B,1892,1A,5,,2,1A;1B,AllFiveDisagree
KT232867,1A,1A,1A,2055,1A,1893,1B,5,,2,1A;1B,AllFiveDisagree
KT232868,1B,1B,1B,2054,1B,1892,1A,5,,2,1A;1B,AllFiveDisagree
KT232870,1A,1A,1A,2055,1A,1893,1B,5,,2,1A;1B,AllFiveDisagree
KT232872,1B,1B,1B,2054,1B,1893,1A,5,,2,1A;1B,AllFiveDisagree
KT232873,1A,1A,1A,2055,1A,1893,1B,5,,2,1A;1B,AllFiveDisagree
KT232875,1A,1A,1A,2055,1A,1893,1B,5,,2,1A;1B,AllFiveDisagree
KT232876,1B,1B,1B,2055,1B,1894,1A,5,,2,1A;1B,AllFiveDisagree
KT232877,1A,1A,1A,2055,1A,1893,1B,5,,2,1A;1B,AllFiveDisagree
KT232878,1B,1B,1B,2055,1B,1892,1A,5,,2,1A;1B,AllFiveDisagree
KT232881,1A,1A,1A,2055,1A,1893,1B,5,,2,1A;1B,AllFiveDisagree
KT232884,1B,1B,1B,2054,1B,1892,1A,5,,2,1A;1B,AllFiveDisagree
KT232886,1B,1B,1B,2054,1B,1893,1A,5,,2,1A;1B,AllFiveDisagree
KT232888,1B,1B,1B,2054,1B,1892,1A,5,,2,1A;1B,AllFiveDisagree
KT232889,1A,1A,1A,2055,1A,1893,1B,5,,2,1A;1B,AllFiveDisagree
KT232890,1B,1B,1B,2055,1B,1892,1A,5,,2,1A;1B,AllFiveDisagree
KT232891,1B,1B,1B,2054,1B,1893,1A,5,,2,1A;1B,AllFiveDisagree
KT232895,1A,1A,1A,2055,1A,1893,1B,5,,2,1A;1B,AllFiveDisagree
KT232898,1B,1B,1B,2054,1B,1892,1A,5,,2,1A;1B,AllFiveDisagree
KT232900,1A,1A,1A,2055,1A,1893,1B,5,,2,1A;1B,AllFiveDisagree
KT232906,1A,1A,1A,2055,1A,1893,1B,5,,2,1A;1B,AllFiveDisagree
KT232908,1A,1A,1A,2055,1A,1893,1B,5,,2,1A;1B,AllFiveDisagree
KT232909,1B,1B,1B,2055,1B,1892,1A,5,,2,1A;1B,AllFiveDisagree
KT232910,1A,1A,1A,2055,1A,1893,1B,5,,2,1A;1B,AllFiveDisagree
KT232911,1A,1A,1A,2055,1A,1893,1B,5,,2,1A;1B,AllFiveDisagree
KT232913,1B,1B,1B,2054,1B,1892,1A,5,,2,1A;1B,AllFiveDisagree
KT232914,1A,1A,1A,2055,1A,1893,1B,5,,2,1A;1B,AllFiveDisagree
KT232917,1B,1B,1B,2055,1B,1892,1A,5,,2,1A;1B,AllFiveDisagree
KT232919,1B,1B,1B,2054,1B,1892,1A,5,,2,1A;1B,AllFiveDisagree
KT232923,1B,1B,1B,2055,1B,1892,1A,5,,2,1A;1B,AllFiveDisagree
KT232924,1B,1B,1B,2055,1B,1892,1A,5,,2,1A;1B,AllFiveDisagree
KT232929,1B,1B,1B,2054,1B,1892,1A,5,,2,1A;1B,AllFiveDisagree
KT232970,1A,1A,1A,2055,1A,1893,1B,5,,2,1A;1B,AllFiveDisagree
KT232973,1A,1A,1A,2055,1A,1893,1B,5,,2,1A;1B,AllFiveDisagree
KT232979,1B,1B,1B,2055,1B,1892,1A,5,,2,1A;1B,AllFiveDisagree
KT232982,1B,1B,1B,2056,1B,1892,1A,5,,2,1A;1B,AllFiveDisagree
KT232987,1A,1A,1A,2055,1A,1893,1B,5,,2,1A;1B,AllFiveDisagree
KT232996,1B,1B,1B,2054,1B,1892,1A,5,,2,1A;1B,AllFiveDisagree
KT233014,1A,1A,1A,2055,1A,1893,1B,5,,2,1A;1B,AllFiveDisagree
KT233018,1A,1A,1A,2055,1A,1893,1B,5,,2,1A;1B,AllFiveDisagree
KT233021,1A,1A,1A,2055,1A,1893,1B,5,,2,1A;1B,AllFiveDisagree
KT233022,1A,1A,1A,2055,1A,1893,1B,5,,2,1A;1B,AllFiveDisagree
KT233024,1A,1A,1A,2055,1A,1893,1B,5,,2,1A;1B,AllFiveDisagree
KT233025,1A,1A,1A,2054,1A,1893,1B,5,,2,1A;1B,AllFiveDisagree
KT233026,1A,1A,1A,2054,1A,1893,1B,5,,2,1A;1B,AllFiveDisagree
KT233029,1A,1A,1A,2055,1A,1893,1B,5,,2,1A;1B,AllFiveDisagree
KT233030,1B,1B,1B,2054,1B,1892,1A,5,,2,1A;1B,AllFiveDisagree
KT233034,1B,1B,1B,2054,1B,1892,1A,5,,2,1A;1B,AllFiveDisagree
KT233035,1B,1B,1B,2054,1B,1892,1A,5,,2,1A;1B,AllFiveDisagree
KT233037,1A,1A,1A,2055,1A,1893,1B,5,,2,1A;1B,AllFiveDisagree
KT233039,1A,1A,1A,2055,1A,1893,1B,5,,2,1A;1B,AllFiveDisagree
KT233043,1A,1A,1A,2055,1A,1893,1B,5,,2,1A;1B,AllFiveDisagree
KT233049,1B,1B,1B,2055,1B,1892,1A,5,,2,1A;1B,AllFiveDisagree
KT233053,1A,1A,1A,2055,1A,1892,1B,5,,2,1A;1B,AllFiveDisagree
KT233058,1A,1A,1A,2055,1A,1893,1B,5,,2,1A;1B,AllFiveDisagree
KT233061,1B,1B,1B,2054,1B,1892,1A,5,,2,1A;1B,AllFiveDisagree
KT233063,1B,1B,1B,2054,1B,1892,1A,5,,2,1A;1B,AllFiveDisagree
KT233064,1B,1B,1B,2054,1B,1892,1A,5,,2,1A;1B,AllFiveDisagree
KT233068,1B,1B,1B,2054,1B,1892,1A,5,,2,1A;1B,AllFiveDisagree
KT233072,1A,1A,1A,2055,1A,1892,1B,5,,2,1A;1B,AllFiveDisagree
KT233074,1B,1B,1B,2054,1B,1892,1A,5,,2,1A;1B,AllFiveDisagree
KT233077,1A,1A,1A,2055,1A,1893,1B,5,,2,1A;1B,AllFiveDisagree
KT233078,1B,1B,1B,2055,1B,1892,1A,5,,2,1A;1B,AllFiveDisagree
KT233079,1A,1A,1A,2055,1A,1893,1B,5,,2,1A;1B,AllFiveDisagree
KT233081,1B,1B,1B,2054,1B,1892,1A,5,,2,1A;1B,AllFiveDisagree
KT233082,1A,1A,1A,2055,1A,1892,1B,5,,2,1A;1B,AllFiveDisagree
KT233083,1A,1A,1A,2055,1A,1893,1B,5,,2,1A;1B,AllFiveDisagree
KT233085,1B,1B,1B,2050,1B,1892,1A,5,,2,1A;1B,AllFiveDisagree
KT233086,1B,1B,1B,2055,1B,1893,1A,5,,2,1A;1B,AllFiveDisagree
KT233087,1A,1A,1A,2055,1A,1893,1B,5,,2,1A;1B,AllFiveDisagree
KT233088,1B,1B,1B,2054,1B,1892,1A,5,,2,1A;1B,AllFiveDisagree
KT233090,1A,1A,1A,2055,1A,1893,1B,5,,2,1A;1B,AllFiveDisagree
KT233092,1B,1B,1B,2054,1B,1892,1A,5,,2,1A;1B,AllFiveDisagree
KT233094,1A,1A,1A,2055,1A,1893,1B,5,,2,1A;1B,AllFiveDisagree
KT233095,1A,1A,1A,2055,1A,1893,1B,5,,2,1A;1B,AllFiveDisagree
KT233097,1A,1A,1A,2055,1A,1893,1B,5,,2,1A;1B,AllFiveDisagree
KT233099,1B,1B,1B,2054,1B,1892,1A,5,,2,1A;1B,AllFiveDisagree
KT233101,1A,1A,1A,2055,1A,1893,1B,5,,2,1A;1B,AllFiveDisagree
KT233103,1B,1B,1B,2054,1B,1892,1A,5,,2,1A;1B,AllFiveDisagree
KT233104,1B,1B,1B,2054,1B,1892,1A,5,,2,1A;1B,AllFiveDisagree
KT233111,1B,1B,1B,2054,1B,1892,1A,5,,2,1A;1B,AllFiveDisagree
KT233112,1A,1A,1A,2055,1A,1893,1B,5,,2,1A;1B,AllFiveDisagree
KT233114,1B,1B,1B,2054,1B,1892,1A,5,,2,1A;1B,AllFiveDisagree
KT233117,1A,1A,1A,2055,1A,1893,1B,5,,2,1A;1B,AllFiveDisagree
KT233120,1A,1A,1A,2055,1A,1893,1B,5,,2,1A;1B,AllFiveDisagree
KT233123,1A,1A,1A,2055,1A,1893,1B,5,,2,1A;1B,AllFiveDisagree
KT233126,1B,1B,1B,2055,1B,1892,1A,5,,2,1A;1B,AllFiveDisagree
KT233128,1B,1B,1B,2054,1B,1892,1A,5,,2,1A;1B,AllFiveDisagree
KT233129,1B,1B,1B,2055,1B,1894,1A,5,,2,1A;1B,AllFiveDisagree
KT233131,1A,1A,1A,2055,1A,1893,1B,5,,2,1A;1B,AllFiveDisagree
KT233133,1B,1B,1B,2054,1B,1892,1A,5,,2,1A;1B,AllFiveDisagree
KT233134,1B,1B,1B,2055,1B,1893,1A,5,,2,1A;1B,AllFiveDisagree
KT233135,1A,1A,1A,2055,1A,1893,1B,5,,2,1A;1B,AllFiveDisagree
KT233138,1A,1A,1A,2055,1A,1893,1B,5,,2,1A;1B,AllFiveDisagree
KT233142,1A,1A,1A,2054,1A,1893,1B,5,,2,1A;1B,AllFiveDisagree
KT233146,1A,1A,1A,2055,1A,1892,1B,5,,2,1A;1B,AllFiveDisagree
KT233147,1B,1B,1B,2054,1B,1892,1A,5,,2,1A;1B,AllFiveDisagree
KT233149,1B,1B,1B,2054,1B,1892,1A,5,,2,1A;1B,AllFiveDisagree
KT233151,1B,1B,1B,2054,1B,1892,1A,5,,2,1A;1B,AllFiveDisagree
KT233152,1A,1A,1A,2055,1A,1893,1B,5,,2,1A;1B,AllFiveDisagree
KT233154,1B,1B,1B,2054,1B,1892,1A,5,,2,1A;1B,AllFiveDisagree
KT233156,1A,1A,1A,2055,1A,1893,1B,5,,2,1A;1B,AllFiveDisagree
KT233158,1A,1A,1A,2055,1A,1893,1B,5,,2,1A;1B,AllFiveDisagree
KT233160,1A,1A,1A,2055,1A,1893,1B,5,,2,1A;1B,AllFiveDisagree
KT233163,1A,1A,1A,2055,1A,1893,1B,5,,2,1A;1B,AllFiveDisagree
KT233164,1B,1B,1B,2051,1B,1889,1A,5,,2,1A;1B,AllFiveDisagree
KT233166,1B,1B,1B,2054,1B,1892,1A,5,,2,1A;1B,AllFiveDisagree
KT233172,1B,1B,1B,2054,1B,1892,1A,5,,2,1A;1B,AllFiveDisagree
KT233175,1A,1A,1A,2055,1A,1893,1B,5,,2,1A;1B,AllFiveDisagree
KT233184,1A,1A,1A,2055,1A,1893,1B,5,,2,1A;1B,AllFiveDisagree
KT233185,1A,1A,1A,2055,1A,1893,1B,5,,2,1A;1B,AllFiveDisagree
KT233191,1B,1B,1B,2054,1B,1893,1A,5,,2,1A;1B,AllFiveDisagree
KT233193,1B,1B,1B,2054,1B,1892,1A,5,,2,1A;1B,AllFiveDisagree
KT233194,1B,1B,1B,2054,1B,1892,1A,5,,2,1A;1B,AllFiveDisagree
KT233197,1B,1B,1B,2054,1B,1892,1A,5,,2,1A;1B,AllFiveDisagree
KT233198,1B,1B,1B,2054,1B,1892,1A,5,,2,1A;1B,AllFiveDisagree
KT233204,1A,1A,1A,2055,1A,1893,1B,5,,2,1A;1B,AllFiveDisagree
KT233206,1A,1A,1A,2055,1A,1893,1B,5,,2,1A;1B,AllFiveDisagree
KT233217,1B,1B,1B,2054,1B,1892,1A,5,,2,1A;1B,AllFiveDisagree
KT233218,1B,1B,1B,2054,1B,1892,1A,5,,2,1A;1B,AllFiveDisagree
KT233220,1A,1A,1A,2055,1A,1893,1B,5,,2,1A;1B,AllFiveDisagree
KT233223,1A,1A,1A,2054,1A,1893,1B,5,,2,1A;1B,AllFiveDisagree
KT233224,1A,1A,1A,2055,1A,1893,1B,5,,2,1A;1B,AllFiveDisagree
KT233225,1B,1B,1B,2054,1B,1892,1A,5,,2,1A;1B,AllFiveDisagree
KT233227,1B,1B,1B,2055,1B,1893,1A,5,,2,1A;1B,AllFiveDisagree
KT233228,1B,1B,1B,2055,1B,1893,1A,5,,2,1A;1B,AllFiveDisagree
KT233229,1B,1B,1B,2054,1B,1892,1A,5,,2,1A;1B,AllFiveDisagree
KT233232,1B,1B,1B,2054,1B,1893,1A,5,,2,1A;1B,AllFiveDisagree
KT233233,1B,1B,1B,2055,1B,1892,1A,5,,2,1A;1B,AllFiveDisagree
KT233234,1B,1B,1B,2055,1B,1893,1A,5,,2,1A;1B,AllFiveDisagree
KT233235,1B,1B,1B,2054,1B,1893,1A,5,,2,1A;1B,AllFiveDisagree
KT233236,1B,1B,1B,2055,1B,1893,1A,5,,2,1A;1B,AllFiveDisagree
KT233237,1B,1B,1B,2055,1B,1893,1A,5,,2,1A;1B,AllFiveDisagree
KT233239,1B,1B,1B,2054,1B,1892,1A,5,,2,1A;1B,AllFiveDisagree
KT233273,1A,1A,1A,2055,1A,1893,1B,5,,2,1A;1B,AllFiveDisagree
KT233274,1A,1A,1A,2055,1A,1893,1B,5,,2,1A;1B,AllFiveDisagree
KT233283,1A,1A,1A,2055,1A,1893,1B,5,,2,1A;1B,AllFiveDisagree
KT233284,1A,1A,1A,2054,1A,1893,1B,5,,2,1A;1B,AllFiveDisagree
KT233285,1A,1A,1A,2055,1A,1893,1B,5,,2,1A;1B,AllFiveDisagree
KT233286,1A,1A,1A,2055,1A,1893,1B,5,,2,1A;1B,AllFiveDisagree
KT233288,1B,1B,1B,2054,1B,1892,1A,5,,2,1A;1B,AllFiveDisagree
KT233289,1G,1G,1G,2055,1G,1893,1B,5,,2,1B;1G,AllFiveDisagree
KT233290,6E,6E,6E,2054,6E,1892,1B,5,,2,1B;6E,AllFiveDisagree
KT233291,1G,1G,1G,2055,1G,1893,1B,5,,2,1B;1G,AllFiveDisagree
KT233292,3A,3A,3A,2056,3A,1894,1B,5,,2,1B;3A,AllFiveDisagree
KT233293,3A,3A,3A,2057,3A,1895,1B,5,,2,1B;3A,AllFiveDisagree
KT233294,4M,4M,4M,2054,4M,1893,1B,5,,2,1B;4M,AllFiveDisagree
KT233295,6E,6E,6E,2055,6E,1892,1B,5,,2,1B;6E,AllFiveDisagree
KT233296,1E,1E,1E,2055,1E,1893,1B,5,,2,1B;1E,AllFiveDisagree
KT233297,1B,1B,1D,2055,1D,1890,1A,5,,3,1A;1B;1D,AllFiveDisagree
KT233298,1C,1C,1C,2055,1C,1892,1A,5,,2,1A;1C,AllFiveDisagree
KT233299,6Q,6Q,6Q,2055,6Q,1893,1A,5,,2,1A;6Q,AllFiveDisagree
KT233300,6L,6L,6L,2055,6L,1892,1A,5,,2,1A;6L,AllFiveDisagree
KT233301,1G,1G,1G,2055,1G,1893,1A,5,,2,1A;1G,AllFiveDisagree
KT233302,1L,1L,1L,2057,1L,1895,1B,5,,2,1B;1L,AllFiveDisagree
KT233414,1H,1H,1C,543,1C,543,1B,5,,3,1B;1C;1H,AllFiveDisagree
KT233535,1A,1A,1A,543,1A,543,1B,5,,2,1A;1B,AllFiveDisagree
KT233558,1E,1E,1E,543,1E,543,1A,5,,2,1A;1E,AllFiveDisagree
KT595242,5A,2B,5A,9108,5A,1894,,4,GenBank,2,2B;5A,AvailableCallsDisagree
KU180713,4A,4A,4C,9414,4C,1893,,4,GenBank,2,4A;4C,AvailableCallsDisagree
KU725879,1A,1A,1A,3144,1A,594,1B,5,,2,1A;1B,AllFiveDisagree
KU861171,2J,1B,7A,9474,5A,1841,,4,GenBank,4,1B;2J;5A;7A,AvailableCallsDisagree
KU871304,"UNASSIGNED_1, 1A-3A",1A,1A,9164,1A,1893,1A,5,,2,"1A;UNASSIGNED_1, 1A-3A",AllFiveDisagree
KU871305,"UNASSIGNED_1, 1A-2B",1A,1A,9165,1A,1893,1A,5,,2,"1A;UNASSIGNED_1, 1A-2B",AllFiveDisagree
KX092342,2B,2J,7B,9382,1K,1900,,4,GenBank,4,1K;2B;2J;7B,AvailableCallsDisagree
KX159204,1A,1A,1A,710,1A,617,1B,5,,2,1A;1B,AllFiveDisagree
KX172138,2J,1B,7B,9383,7B,1893,,4,GenBank,3,1B;2J;7B,AvailableCallsDisagree
OK001630,4A,4A,4C,519,4C,519,,4,GenBank,2,4A;4C,AvailableCallsDisagree
OK001638,4A,4A,4A,619,4A,618,4O,5,,2,4A;4O,AllFiveDisagree
OR917741,2J,2J,2C,842,2C,842,2Q,5,,3,2C;2J;2Q,AllFiveDisagree
OR917742,2J,2J,2Q,841,2Q,841,2Q,5,,2,2J;2Q,AllFiveDisagree
OR917743,2K,2K,2Q,841,2Q,841,2Q,5,,2,2K;2Q,AllFiveDisagree
OR917749,2K,2K,2Q,842,2Q,842,,4,GenBank,2,2K;2Q,AvailableCallsDisagree
OR917751,2J,2J,2Q,841,2Q,841,2K,5,,3,2J;2K;2Q,AllFiveDisagree
OM525854,1B,1B,1K,9048,1M,1893,,4,GenBank,3,1B;1K;1M,AvailableCallsDisagree
OM525855,"UNASSIGNED_1, 2A-2K",2A,2Q,9113,2M,1884,,4,GenBank,4,"2A;2M;2Q;UNASSIGNED_1, 2A-2K",AvailableCallsDisagree
OM525858,2A,2A,2M,9118,2M,1884,,4,GenBank,2,2A;2M,AvailableCallsDisagree
OM525859,1B,1B,1N,9047,1B,1894,,4,GenBank,2,1B;1N,AvailableCallsDisagree
OM525864,1A,1A,1K,9038,1N,1893,,4,GenBank,3,1A;1K;1N,AvailableCallsDisagree
OM525871,1A,1A,1K,5234,1N,1893,,4,GenBank,3,1A;1K;1N,AvailableCallsDisagree
OM525873,"UNASSIGNED_1, 1A-1B",1A,1K,9045,1N,1893,,4,GenBank,4,"1A;1K;1N;UNASSIGNED_1, 1A-1B",AvailableCallsDisagree
OM525875,1A,1A,1K,9048,1N,1893,,4,GenBank,3,1A;1K;1N,AvailableCallsDisagree
OM525877,2J,2A,2M,9112,2Q,1885,,4,GenBank,4,2A;2J;2M;2Q,AvailableCallsDisagree
OM525878,2A,2K,2R,9113,2M,1884,,4,GenBank,4,2A;2K;2M;2R,AvailableCallsDisagree
OM525879,2J,2J,2D,9114,2E,1884,,4,GenBank,3,2D;2E;2J,AvailableCallsDisagree
OM525884,2Q,2J,2Q,9096,2Q,1884,,4,GenBank,2,2J;2Q,AvailableCallsDisagree
OM525885,2J,2J,2Q,9109,2Q,1884,,4,GenBank,2,2J;2Q,AvailableCallsDisagree
OM525888,1B,1A,1B,9035,1N,1893,,4,GenBank,3,1A;1B;1N,AvailableCallsDisagree
OM525889,1B,1B,1B,6851,1H,1887,,4,GenBank,2,1B;1H,AvailableCallsDisagree
OM525890,2J,2M,2Q,6959,2M,1884,,4,GenBank,3,2J;2M;2Q,AvailableCallsDisagree
OM525891,1A,1A,1A,9045,1M,1894,,4,GenBank,2,1A;1M,AvailableCallsDisagree
OM525893,2A,2Q,2Q,9096,2M,1884,,4,GenBank,3,2A;2M;2Q,AvailableCallsDisagree
OM525895,"UNASSIGNED_1, 1B-2A",1B,1I,9030,1B,1892,,4,GenBank,3,"1B;1I;UNASSIGNED_1, 1B-2A",AvailableCallsDisagree
OM525899,"UNASSIGNED_1, 2B-1B",2B,2B,9102,2B,1884,,4,GenBank,2,"2B;UNASSIGNED_1, 2B-1B",AvailableCallsDisagree
OM525900,2J,2J,2Q,9117,2I,1883,,4,GenBank,3,2I;2J;2Q,AvailableCallsDisagree
OM525901,2A,2A,2A,7890,2M,1884,,4,GenBank,2,2A;2M,AvailableCallsDisagree
OM525902,1A,1A,1A,9041,1N,1893,,4,GenBank,2,1A;1N,AvailableCallsDisagree
OM525903,2Q,2J,2Q,6991,2Q,1884,,4,GenBank,2,2J;2Q,AvailableCallsDisagree
OM525904,2Q,2K,2Q,9090,2Q,1884,,4,GenBank,2,2K;2Q,AvailableCallsDisagree
OM525905,2J,2J,2Q,9097,2R,1884,,4,GenBank,3,2J;2Q;2R,AvailableCallsDisagree
OM525908,"UNASSIGNED_1, 2D-2A",2D,2D,4714,2D,1883,,4,GenBank,2,"2D;UNASSIGNED_1, 2D-2A",AvailableCallsDisagree
OM525909,1A,1A,1K,9042,1N,1893,,4,GenBank,3,1A;1K;1N,AvailableCallsDisagree
ON841576,3A,3A,3A,643,3A,598,1B,5,,2,1B;3A,AllFiveDisagree
ON841584,1B,1B,1B,730,1B,632,3A,5,,2,1B;3A,AllFiveDisagree
PV184474,"UNASSIGNED_1, 1A-3A",1A,1A,8964,1A,1893,1A,5,,2,"1A;UNASSIGNED_1, 1A-3A",AllFiveDisagree
PV184477,"UNASSIGNED_1, 3A-2B",3A,3A,8967,3A,1894,3A,5,,2,"3A;UNASSIGNED_1, 3A-2B",AllFiveDisagree
PV184543,"UNASSIGNED_1, 1A-2B",1A,1A,8964,1A,1893,1A,5,,2,"1A;UNASSIGNED_1, 1A-2B",AllFiveDisagree
PV184558,"UNASSIGNED_1, 1A-2B",1A,1A,8964,1A,1893,1A,5,,2,"1A;UNASSIGNED_1, 1A-2B",AllFiveDisagree
PV184562,"UNASSIGNED_1, 1A-2B",1A,1A,8964,1A,1893,1A,5,,2,"1A;UNASSIGNED_1, 1A-2B",AllFiveDisagree
PV184569,"UNASSIGNED_1, 1A-2B",1A,1A,8964,1A,1893,1A,5,,2,"1A;UNASSIGNED_1, 1A-2B",AllFiveDisagree
PV289116,"UNASSIGNED_1, 1A-2B",1A,1A,8964,1A,1893,1A,5,,2,"1A;UNASSIGNED_1, 1A-2B",AllFiveDisagree
PV289118,"UNASSIGNED_1, 1A-2B",1A,1A,8964,1A,1893,1A,5,,2,"1A;UNASSIGNED_1, 1A-2B",AllFiveDisagree
PV289130,"UNASSIGNED_1, 1A-2B",1A,1A,8964,1A,1893,1A,5,,2,"1A;UNASSIGNED_1, 1A-2B",AllFiveDisagree
PV289210,"UNASSIGNED_1, 3A-2B",3A,3A,8652,3A,1893,3A,5,,2,"3A;UNASSIGNED_1, 3A-2B",AllFiveDisagree
PV289216,"UNASSIGNED_1, 3A-2B",3A,3A,8653,3A,1895,3A,5,,2,"3A;UNASSIGNED_1, 3A-2B",AllFiveDisagree
PV289218,"UNASSIGNED_1, 3A-2B",3A,3A,8653,3A,1895,3A,5,,2,"3A;UNASSIGNED_1, 3A-2B",AllFiveDisagree
MZ171127,6L,6L,6XJ,9393,6XJ,1893,6XJ,5,,2,6L;6XJ,AllFiveDisagree
MZ171128,6L,6W,6XJ,9396,6XJ,1893,6XJ,5,,3,6L;6W;6XJ,AllFiveDisagree
MZ171129,6L,6L,6XJ,9394,6XJ,1893,6XJ,5,,2,6L;6XJ,AllFiveDisagree
MZ171130,6L,6L,6XJ,9397,6XJ,1893,6XJ,5,,2,6L;6XJ,AllFiveDisagree
MZ171131,6L,6L,6XJ,9398,6XJ,1895,6XJ,5,,2,6L;6XJ,AllFiveDisagree
MZ171132,6L,6L,6XJ,9396,6XJ,1893,6XJ,5,,2,6L;6XJ,AllFiveDisagree
MZ171133,6L,6W,6XJ,9396,6XJ,1893,6XJ,5,,3,6L;6W;6XJ,AllFiveDisagree
MZ171134,6L,6L,6XJ,9396,6XJ,1893,6XJ,5,,2,6L;6XJ,AllFiveDisagree
