Gene,Genotype,Accession,GeneNALength,FullGenomeStartNA,FullGenomeEndNA,Status
NS3,1,NC_038882.1,1893,3420,5312,PASS
NS5A,1,NC_038882.1,1344,6258,7601,PASS
NS5B,1,NC_038882.1,1773,7602,9374,PASS
NS3,2,NC_009823.1,1893,3431,5323,PASS
NS5A,2,NC_009823.1,1398,6269,7666,PASS
NS5B,2,NC_009823.1,1773,7667,9439,PASS
NS3,3,NC_009824.1,1893,3436,5328,PASS
NS5A,3,NC_009824.1,1356,6274,7629,PASS
NS5B,3,NC_009824.1,1773,7630,9402,PASS
NS3,4,NC_009825.1,1893,3358,5250,PASS
NS5A,4,NC_009825.1,1335,6196,7530,PASS
NS5B,4,NC_009825.1,1773,7531,9303,PASS
NS3,5,NC_009826.1,1893,3361,5253,PASS
NS5A,5,NC_009826.1,1350,6199,7548,PASS
NS5B,5,NC_009826.1,1773,7549,9321,PASS
NS3,6,NC_009827.1,1893,3436,5328,PASS
NS5A,6,NC_009827.1,1353,6274,7626,PASS
NS5B,6,NC_009827.1,1773,7627,9399,PASS
NS3,7,NC_030791.1,1893,3430,5322,PASS
NS5A,7,NC_030791.1,1338,6268,7605,PASS
NS5B,7,NC_030791.1,1773,7606,9378,PASS
NS3,8,MH590698,1893,3430,5322,PASS
NS5A,8,MH590698,1347,6268,7614,PASS
NS5B,8,MH590698,1773,7615,9387,PASS
