Gene,Genotype,Sequence,1,2,3,4,5,6,7,8,9,10,11,12,13,14,15,16,17,18,19,20,21,22,23,24,25,26,27,28,29,30,31,32,33,34,35,36,37,38,39,40,41,42,43,44,45,46,47,48,49,50,51,52,53,54,55,56,57,58,59,60,61,62,63,64,65,66,67,68,69,70,71,72,73,74,75,76,77,78,79,80,81,82,83,84,85,86,87,88,89,90,91,92,93,94,95,96,97,98,99,100,101,102,103,104,105,106,107,108,109,110,111,112,113,114,115,116,117,118,119,120,121,122,123,124,125,126,127,128,129,130,131,132,133,134,135,136,137,138,139,140,141,142,143,144,145,146,147,148,149,150,151,152,153,154,155,156,157,158,159,160,161,162,163,164,165,166,167,168,169,170,171,172,173,174,175,176,177,178,179,180,181,182,183,184,185,186,187,188,189,190,191,192,193,194,195,196,197,198,199,200,201,202,203,204,205,206,207,208,209,210,211,212,213,214,215,216,217,218,219,220,221,222,223,224,225,226,227,228,229,230,231,232,233,234,235,236,237,238,239,240,241,242,243,244,245,246,247,248,249,250,251,252,253,254,255,256,257,258,259,260,261,262,263,264,265,266,267,268,269,270,271,272,273,274,275,276,277,278,279,280,281,282,283,284,285,286,287,288,289,290,291,292,293,294,295,296,297,298,299,300,301,302,303,304,305,306,307,308,309,310,311,312,313,314,315,316,317,318,319,320,321,322,323,324,325,326,327,328,329,330,331,332,333,334,335,336,337,338,339,340,341,342,343,344,345,346,347,348,349,350,351,352,353,354,355,356,357,358,359,360,361,362,363,364,365,366,367,368,369,370,371,372,373,374,375,376,377,378,379,380,381,382,383,384,385,386,387,388,389,390,391,392,393,394,395,396,397,398,399,400,401,402,403,404,405,406,407,408,409,410,411,412,413,414,415,416,417,418,419,420,421,422,423,424,425,426,427,428,429,430,431,432,433,434,435,436,437,438,439,440,441,442,443,444,445,446,447,448,449,450,451,452,453,454,455,456,457,458,459,460,461,462,463,464,465,466,467,468,469,470,471,472,473,474,475,476,477,478,479,480,481,482,483,484,485,486,487,488,489,490,491,492,493,494,495,496,497,498,499,500,501,502,503,504,505,506,507,508,509,510,511,512,513,514,515,516,517,518,519,520,521,522,523,524,525,526,527,528,529,530,531,532,533,534,535,536,537,538,539,540,541,542,543,544,545,546,547,548,549,550,551,552,553,554,555,556,557,558,559,560,561,562,563,564,565,566,567,568,569,570,571,572,573,574,575,576,577,578,579,580,581,582,583,584,585,586,587,588,589,590,591
NS5B,GT1,Reference,S,M,S,Y,S,W,T,G,A,L,V,T,P,C,A,A,E,E,Q,K,L,P,I,N,A,L,S,N,S,L,L,R,H,H,N,L,V,Y,S,T,T,S,R,S,A,C,Q,R,Q,K,K,V,T,F,D,R,L,Q,V,L,D,S,H,Y,Q,D,V,L,K,E,V,K,A,A,A,S,K,V,K,A,N,L,L,S,V,E,E,A,C,S,L,T,P,P,H,S,A,K,S,K,F,G,Y,G,A,K,D,V,R,C,H,A,R,K,A,V,A,H,I,N,S,V,W,K,D,L,L,E,D,S,V,T,P,I,D,T,T,I,M,A,K,N,E,V,F,C,V,Q,P,E,K,G,G,R,K,P,A,R,L,I,V,F,P,D,L,G,V,R,V,C,E,K,M,A,L,Y,D,V,V,S,K,L,P,L,A,V,M,G,S,S,Y,G,F,Q,Y,S,P,G,Q,R,V,E,F,L,V,Q,A,W,K,S,K,K,T,P,M,G,F,S,Y,D,T,R,C,F,D,S,T,V,T,E,S,D,I,R,T,E,E,A,I,Y,Q,C,C,D,L,D,P,Q,A,R,V,A,I,K,S,L,T,E,R,L,Y,V,G,G,P,L,T,N,S,R,G,E,N,C,G,Y,R,R,C,R,A,S,G,V,L,T,T,S,C,G,N,T,L,T,C,Y,I,K,A,R,A,A,C,R,A,A,G,L,Q,D,C,T,M,L,V,C,G,D,D,L,V,V,I,C,E,S,A,G,V,Q,E,D,A,A,S,L,R,A,F,T,E,A,M,T,R,Y,S,A,P,P,G,D,P,P,Q,P,E,Y,D,L,E,L,I,T,S,C,S,S,N,V,S,V,A,H,D,G,A,G,K,R,V,Y,Y,L,T,R,D,P,T,T,P,L,A,R,A,A,W,E,T,A,R,H,T,P,V,N,S,W,L,G,N,I,I,M,F,A,P,T,L,W,A,R,M,I,L,M,T,H,F,F,S,V,L,I,A,R,D,Q,L,E,Q,A,L,N,C,E,I,Y,G,A,C,Y,S,I,E,P,L,D,L,P,P,I,I,Q,R,L,H,G,L,S,A,F,S,L,H,S,Y,S,P,G,E,I,N,R,V,A,A,C,L,R,K,L,G,V,P,P,L,R,A,W,R,H,R,A,R,S,V,R,A,R,L,L,S,R,G,G,R,A,A,I,C,G,K,Y,L,F,N,W,A,V,R,T,K,L,K,L,T,P,I,A,A,A,G,R,L,D,L,S,G,W,F,T,A,G,Y,S,G,G,D,I,Y,H,S,V,S,H,A,R,P,R,W,F,W,F,C,L,L,L,L,A,A,G,V,G,I,Y,L,L,P,N,R
NS5B,GT1,Consensus,,,,,T,,,,,,I,,,,,,,,,,,,,,,,,,,,,,,,,,,,,,,,,,,S,,,,,,,,,,,,,,,,D,,,,,,,,,,,,,,,T,,,,,,,,,,,,,,,,,,,,,R,,,,,,,,,,,,,,,,,,,N,,,,,,,,,,,,,,,,,,,,,,,,,,,,,,,,,,,,,,,,,,,,,,,,,,,,,,,,,,,,,,,,,,,Q,,,,,,,,,,,,,,,,,,,,,,,,,,,,,,,,,,,,,,,,,,,,,,,,,,,,,,,,,,,,,,,,,,,,,,,,,,,,,,,,,,,,,,K,,,,,,,,,,,,,,,,,,,,,,,,,,,,,,Q,,,,,,,,,,,,,,,,,,,,,,,,,,,,,,,,,,,,,,,,,,,,,,,,,,,,,,,,,,,,,,,,,,,,,,,,,,,,,,,,,,,,,,,,,,,,,,,,,,,,,,,,,,,,,,,,,,,,,,,,,,,,,,,,,,,,I,,,,,,,,,,,,D,,,,,,,,,,,,,,,,,,,,,,,,,,,,,,,,,,,,,,,,,,,,,,,,,,,,,,,,,,,,,,,,,,K,,,,,,,,,,,,,,,,,,,,,,,,,,,,,,,,,S,Q,,,,,,,,,,,,,,,,,,,,,,R,,,,,,,M,,,,,,,S,V,,,,,,,,,,

Gene,Genotype,Sequence,1,2,3,4,5,6,7,8,9,10,11,12,13,14,15,16,17,18,19,20,21,22,23,24,25,26,27,28,29,30,31,32,33,34,35,36,37,38,39,40,41,42,43,44,45,46,47,48,49,50,51,52,53,54,55,56,57,58,59,60,61,62,63,64,65,66,67,68,69,70,71,72,73,74,75,76,77,78,79,80,81,82,83,84,85,86,87,88,89,90,91,92,93,94,95,96,97,98,99,100,101,102,103,104,105,106,107,108,109,110,111,112,113,114,115,116,117,118,119,120,121,122,123,124,125,126,127,128,129,130,131,132,133,134,135,136,137,138,139,140,141,142,143,144,145,146,147,148,149,150,151,152,153,154,155,156,157,158,159,160,161,162,163,164,165,166,167,168,169,170,171,172,173,174,175,176,177,178,179,180,181,182,183,184,185,186,187,188,189,190,191,192,193,194,195,196,197,198,199,200,201,202,203,204,205,206,207,208,209,210,211,212,213,214,215,216,217,218,219,220,221,222,223,224,225,226,227,228,229,230,231,232,233,234,235,236,237,238,239,240,241,242,243,244,245,246,247,248,249,250,251,252,253,254,255,256,257,258,259,260,261,262,263,264,265,266,267,268,269,270,271,272,273,274,275,276,277,278,279,280,281,282,283,284,285,286,287,288,289,290,291,292,293,294,295,296,297,298,299,300,301,302,303,304,305,306,307,308,309,310,311,312,313,314,315,316,317,318,319,320,321,322,323,324,325,326,327,328,329,330,331,332,333,334,335,336,337,338,339,340,341,342,343,344,345,346,347,348,349,350,351,352,353,354,355,356,357,358,359,360,361,362,363,364,365,366,367,368,369,370,371,372,373,374,375,376,377,378,379,380,381,382,383,384,385,386,387,388,389,390,391,392,393,394,395,396,397,398,399,400,401,402,403,404,405,406,407,408,409,410,411,412,413,414,415,416,417,418,419,420,421,422,423,424,425,426,427,428,429,430,431,432,433,434,435,436,437,438,439,440,441,442,443,444,445,446,447,448,449,450,451,452,453,454,455,456,457,458,459,460,461,462,463,464,465,466,467,468,469,470,471,472,473,474,475,476,477,478,479,480,481,482,483,484,485,486,487,488,489,490,491,492,493,494,495,496,497,498,499,500,501,502,503,504,505,506,507,508,509,510,511,512,513,514,515,516,517,518,519,520,521,522,523,524,525,526,527,528,529,530,531,532,533,534,535,536,537,538,539,540,541,542,543,544,545,546,547,548,549,550,551,552,553,554,555,556,557,558,559,560,561,562,563,564,565,566,567,568,569,570,571,572,573,574,575,576,577,578,579,580,581,582,583,584,585,586,587,588,589,590,591
NS5B,GT2,Reference,S,M,S,Y,S,W,T,G,A,L,I,T,P,C,S,P,E,E,E,K,L,P,I,N,P,L,S,N,S,L,L,R,Y,H,N,K,V,Y,C,T,T,T,K,S,A,S,L,R,A,K,K,V,T,F,D,R,M,Q,V,L,D,S,Y,Y,D,S,V,L,K,D,I,K,L,A,A,S,K,V,T,A,R,L,L,T,M,E,E,A,C,Q,L,T,P,P,H,S,A,R,S,K,Y,G,F,G,A,K,E,V,R,S,L,S,G,R,A,V,N,H,I,K,S,V,W,K,D,L,L,E,D,S,E,T,P,I,P,T,T,I,M,A,K,N,E,V,F,C,V,D,P,T,K,G,G,K,K,A,A,R,L,I,V,Y,P,D,L,G,V,R,V,C,E,K,M,A,L,Y,D,I,T,Q,K,L,P,Q,A,V,M,G,A,S,Y,G,F,Q,Y,S,P,A,Q,R,V,E,F,L,L,K,A,W,A,E,K,K,D,P,M,G,F,S,Y,D,T,R,C,F,D,S,T,V,T,E,R,D,I,R,T,E,E,S,I,Y,R,A,C,S,L,P,E,E,A,H,T,A,I,H,S,L,T,E,R,L,Y,V,G,G,P,M,F,N,S,K,G,Q,T,C,G,Y,R,R,C,R,A,S,G,V,L,T,T,S,M,G,N,T,I,T,C,Y,V,K,A,L,A,A,C,K,A,A,G,I,I,A,P,T,M,L,V,C,G,D,D,L,V,V,I,S,E,S,Q,G,T,E,E,D,E,R,N,L,R,A,F,T,E,A,M,T,R,Y,S,A,P,P,G,D,P,P,R,P,E,Y,D,L,E,L,I,T,S,C,S,S,N,V,S,V,A,L,G,P,Q,G,R,R,R,Y,Y,L,T,R,D,P,T,T,P,I,A,R,A,A,W,E,T,V,R,H,S,P,V,N,S,W,L,G,N,I,I,Q,Y,A,P,T,I,W,A,R,M,V,L,M,T,H,F,F,S,I,L,M,A,Q,D,T,L,D,Q,N,L,N,F,E,M,Y,G,A,V,Y,S,V,S,P,L,D,L,P,A,I,I,E,R,L,H,G,L,D,A,F,S,L,H,T,Y,T,P,H,E,L,T,R,V,A,S,A,L,R,K,L,G,A,P,P,L,R,A,W,K,S,R,A,R,A,V,R,A,S,L,I,S,R,G,G,R,A,A,V,C,G,R,Y,L,F,N,W,A,V,K,T,K,L,K,L,T,P,L,P,E,A,R,L,L,D,L,S,S,W,F,T,V,G,A,G,G,G,D,I,Y,H,S,V,S,R,A,R,P,R,L,L,L,F,G,L,L,L,L,F,V,G,V,G,L,F,L,L,P,A,R
NS5B,GT2,Consensus,,,,,,,,,,,,,,,G,,,,,,,,,,,,,,,,,,F,,,,,,S,,,S,R,,,,,,,,,,,,,,V,,,,,A,H,,,,,,,,V,,,,,,,,S,,,,,S,V,,,,,A,,,,,,,,,,,,,,,,,,,,,,,R,,,,,,,,,,,E,,,,,,Q,Q,,,,D,,,,,,,,,,,,,,,A,,,,,,P,,,,,,,,,,,,,,,,,,,,,,,A,,,,,K,,,,,,,,,,,,,,,E,,,D,,,,,,,G,S,,,,,,,,,,,,,,,,,,,,,,,,,,,,,,,Q,,,,,,,,,R,,,,,,,,,,,,,,,,,T,,,,,,S,,,,,,,,,,,,F,,,,,,,,M,,,,I,,,,,,,,,,,,V,D,,,,,,,,,,,,,,,,,,,N,,,,,,,,,,,,,,,,,,,,,,,,,,,,,,,,,,,,,,,,,,,,,,D,,R,,,,,,,,,,,,,,,,,,,,,,,,,,,,,,,,,,,,,,,,,,,,V,,,,,,,,,,,,,L,,,,,,N,,,,,,,,,,,,,,,N,,,,,,,,,,,,,,,,,,,,,,,S,,,,,S,,,,A,T,,,,,,,,,,,,,,,,,,,,,,,,,A,Q,,,,,,I,,,,,,,,,,,,,,,,,,,,,,,,R,,,,,G,,,,,,,,,,,,,,,,,,,,,,,,,L,S,,,,,,,,,,,,,,,,

Gene,Genotype,Sequence,1,2,3,4,5,6,7,8,9,10,11,12,13,14,15,16,17,18,19,20,21,22,23,24,25,26,27,28,29,30,31,32,33,34,35,36,37,38,39,40,41,42,43,44,45,46,47,48,49,50,51,52,53,54,55,56,57,58,59,60,61,62,63,64,65,66,67,68,69,70,71,72,73,74,75,76,77,78,79,80,81,82,83,84,85,86,87,88,89,90,91,92,93,94,95,96,97,98,99,100,101,102,103,104,105,106,107,108,109,110,111,112,113,114,115,116,117,118,119,120,121,122,123,124,125,126,127,128,129,130,131,132,133,134,135,136,137,138,139,140,141,142,143,144,145,146,147,148,149,150,151,152,153,154,155,156,157,158,159,160,161,162,163,164,165,166,167,168,169,170,171,172,173,174,175,176,177,178,179,180,181,182,183,184,185,186,187,188,189,190,191,192,193,194,195,196,197,198,199,200,201,202,203,204,205,206,207,208,209,210,211,212,213,214,215,216,217,218,219,220,221,222,223,224,225,226,227,228,229,230,231,232,233,234,235,236,237,238,239,240,241,242,243,244,245,246,247,248,249,250,251,252,253,254,255,256,257,258,259,260,261,262,263,264,265,266,267,268,269,270,271,272,273,274,275,276,277,278,279,280,281,282,283,284,285,286,287,288,289,290,291,292,293,294,295,296,297,298,299,300,301,302,303,304,305,306,307,308,309,310,311,312,313,314,315,316,317,318,319,320,321,322,323,324,325,326,327,328,329,330,331,332,333,334,335,336,337,338,339,340,341,342,343,344,345,346,347,348,349,350,351,352,353,354,355,356,357,358,359,360,361,362,363,364,365,366,367,368,369,370,371,372,373,374,375,376,377,378,379,380,381,382,383,384,385,386,387,388,389,390,391,392,393,394,395,396,397,398,399,400,401,402,403,404,405,406,407,408,409,410,411,412,413,414,415,416,417,418,419,420,421,422,423,424,425,426,427,428,429,430,431,432,433,434,435,436,437,438,439,440,441,442,443,444,445,446,447,448,449,450,451,452,453,454,455,456,457,458,459,460,461,462,463,464,465,466,467,468,469,470,471,472,473,474,475,476,477,478,479,480,481,482,483,484,485,486,487,488,489,490,491,492,493,494,495,496,497,498,499,500,501,502,503,504,505,506,507,508,509,510,511,512,513,514,515,516,517,518,519,520,521,522,523,524,525,526,527,528,529,530,531,532,533,534,535,536,537,538,539,540,541,542,543,544,545,546,547,548,549,550,551,552,553,554,555,556,557,558,559,560,561,562,563,564,565,566,567,568,569,570,571,572,573,574,575,576,577,578,579,580,581,582,583,584,585,586,587,588,589,590,591
NS5B,GT3,Reference,S,M,S,Y,S,W,T,G,A,L,I,T,P,C,S,A,E,E,E,K,L,P,I,S,P,L,S,N,S,L,L,R,H,H,N,L,V,Y,S,T,S,S,R,S,A,S,Q,R,Q,K,K,V,T,F,D,R,L,Q,V,L,D,D,H,Y,K,T,A,L,K,E,V,K,E,R,A,S,R,V,K,A,R,M,L,T,I,E,E,A,C,A,L,V,P,P,H,S,A,R,S,K,F,G,Y,S,A,K,D,V,R,S,L,S,S,R,A,I,N,Q,I,R,S,V,W,E,D,L,L,E,D,T,T,T,P,I,P,T,T,I,M,A,K,N,E,V,F,C,V,D,P,A,K,G,G,R,K,P,A,R,L,I,V,Y,P,D,L,G,V,R,V,C,E,K,R,A,L,Y,D,V,I,Q,K,L,S,I,E,T,M,G,P,A,Y,G,F,Q,Y,S,P,Q,Q,R,V,E,R,L,L,K,M,W,T,S,K,K,T,P,L,G,F,S,Y,D,T,R,C,F,D,S,T,V,T,E,Q,D,I,R,V,E,E,E,I,Y,Q,C,C,N,L,E,P,E,A,R,K,V,I,S,S,L,T,E,R,L,Y,C,G,G,P,M,F,N,S,K,G,A,Q,C,G,Y,R,R,C,R,A,S,G,V,L,P,T,S,F,G,N,T,I,T,C,Y,I,K,A,T,A,A,A,K,A,A,N,L,R,N,P,D,F,L,V,C,G,D,D,L,V,V,V,A,E,S,D,G,V,D,E,D,R,A,A,L,R,A,F,T,E,A,M,T,R,Y,S,A,P,P,G,D,A,P,Q,A,T,Y,D,L,E,L,I,T,S,C,S,S,N,V,S,V,A,R,D,D,K,G,R,R,Y,Y,Y,L,T,R,D,A,T,T,P,L,A,R,A,A,W,E,T,A,R,H,T,P,V,N,S,W,L,G,N,I,I,M,Y,A,P,T,I,W,V,R,M,V,M,M,T,H,F,F,S,I,L,Q,S,Q,E,I,L,D,R,P,L,D,F,E,M,Y,G,A,T,Y,S,V,T,P,L,D,L,P,A,I,I,E,R,L,H,G,L,S,A,F,T,L,H,S,Y,S,P,V,E,L,N,R,V,A,G,T,L,R,K,L,G,C,P,P,L,R,A,W,R,H,R,A,R,A,V,R,A,K,L,I,A,Q,G,G,K,A,K,I,C,G,L,Y,L,F,N,W,A,V,R,T,K,T,N,L,T,P,L,P,A,A,G,Q,L,D,L,S,S,W,F,T,V,G,V,G,G,N,D,I,Y,H,S,V,S,R,A,R,T,R,H,L,L,L,C,L,L,L,L,T,V,G,V,G,I,F,L,L,P,A,R
NS5B,GT3,Consensus,,,,,,,,,,,,,,,,,,,,,,,,,,,,,,,,,,,,,,,,,,,,,,,,,,,,,,,,,,,,,,,,,,,,,,,,,,,,,,,,,,,,,,,,,,,,,,,,,,,,,,,,,,,,,,,,,,K,,,,,,,,,,,,,,,,,,,,,,,,,,,,,,,,,,,,,,,,,,,,,,,,,,,,,,,,,,,,,,,,,,,,,,,,,,,S,,,,,,,,,,,,,,,,,,,,,,,,,,,,,,,,,,,,,,,,,,,,,,,,,,,,,,,,,,,,,,,,,,,,,,,,,,,,,,,,,,,,,,,,,,,,,,,,,,,,,,,,,,,,,,,,,,,R,,,G,,,,,,,,,,,,,,,,,,,,,,,,,,,,,,,,,,,,,,,,,,,,,,,,,P,,,,,,,,,,,,,,,,,,,,N,,,K,,,,,,,,,,,,,,,,,,,,,,,,,,,,,,,,,,,,,,,,,,,,,,,,,,,,,,,,,,,,,,,,,,,,,,,,,,,,,,,,,,,,,,,,,,,,,,,,,,,,,,,,,,,,,,,,,,,,,,,,,,,,,,,,,,,,,,,,,,,,,,,,,,,,,,,,,,,,,,,,,,,,,,,,,,,,,,,,,,,,,,,,,,,,,,,,,,,,,,,,,,,,,,,,,,,,

Gene,Genotype,Sequence,1,2,3,4,5,6,7,8,9,10,11,12,13,14,15,16,17,18,19,20,21,22,23,24,25,26,27,28,29,30,31,32,33,34,35,36,37,38,39,40,41,42,43,44,45,46,47,48,49,50,51,52,53,54,55,56,57,58,59,60,61,62,63,64,65,66,67,68,69,70,71,72,73,74,75,76,77,78,79,80,81,82,83,84,85,86,87,88,89,90,91,92,93,94,95,96,97,98,99,100,101,102,103,104,105,106,107,108,109,110,111,112,113,114,115,116,117,118,119,120,121,122,123,124,125,126,127,128,129,130,131,132,133,134,135,136,137,138,139,140,141,142,143,144,145,146,147,148,149,150,151,152,153,154,155,156,157,158,159,160,161,162,163,164,165,166,167,168,169,170,171,172,173,174,175,176,177,178,179,180,181,182,183,184,185,186,187,188,189,190,191,192,193,194,195,196,197,198,199,200,201,202,203,204,205,206,207,208,209,210,211,212,213,214,215,216,217,218,219,220,221,222,223,224,225,226,227,228,229,230,231,232,233,234,235,236,237,238,239,240,241,242,243,244,245,246,247,248,249,250,251,252,253,254,255,256,257,258,259,260,261,262,263,264,265,266,267,268,269,270,271,272,273,274,275,276,277,278,279,280,281,282,283,284,285,286,287,288,289,290,291,292,293,294,295,296,297,298,299,300,301,302,303,304,305,306,307,308,309,310,311,312,313,314,315,316,317,318,319,320,321,322,323,324,325,326,327,328,329,330,331,332,333,334,335,336,337,338,339,340,341,342,343,344,345,346,347,348,349,350,351,352,353,354,355,356,357,358,359,360,361,362,363,364,365,366,367,368,369,370,371,372,373,374,375,376,377,378,379,380,381,382,383,384,385,386,387,388,389,390,391,392,393,394,395,396,397,398,399,400,401,402,403,404,405,406,407,408,409,410,411,412,413,414,415,416,417,418,419,420,421,422,423,424,425,426,427,428,429,430,431,432,433,434,435,436,437,438,439,440,441,442,443,444,445,446,447,448,449,450,451,452,453,454,455,456,457,458,459,460,461,462,463,464,465,466,467,468,469,470,471,472,473,474,475,476,477,478,479,480,481,482,483,484,485,486,487,488,489,490,491,492,493,494,495,496,497,498,499,500,501,502,503,504,505,506,507,508,509,510,511,512,513,514,515,516,517,518,519,520,521,522,523,524,525,526,527,528,529,530,531,532,533,534,535,536,537,538,539,540,541,542,543,544,545,546,547,548,549,550,551,552,553,554,555,556,557,558,559,560,561,562,563,564,565,566,567,568,569,570,571,572,573,574,575,576,577,578,579,580,581,582,583,584,585,586,587,588,589,590,591
NS5B,GT4,Reference,S,M,S,Y,S,W,T,G,A,L,V,T,P,C,A,A,E,E,S,K,L,P,I,S,P,L,S,N,S,L,L,R,H,H,N,M,V,Y,A,T,T,T,R,S,A,V,T,R,Q,K,K,V,T,F,D,R,L,Q,V,V,D,S,T,Y,N,E,V,L,K,E,I,K,A,R,A,S,R,V,K,P,R,L,L,T,T,E,E,A,C,D,L,T,P,P,H,S,A,R,S,K,F,G,Y,G,K,K,D,V,R,S,H,S,R,K,A,I,N,H,I,S,S,V,W,K,D,L,L,D,D,N,N,T,P,I,P,T,T,I,M,A,K,N,E,V,F,A,V,N,P,A,K,G,G,R,K,P,A,R,L,I,V,Y,P,D,L,G,S,R,V,C,E,K,R,A,L,H,D,V,I,K,K,T,A,L,A,V,M,G,A,A,Y,G,F,Q,Y,S,P,A,Q,R,V,E,F,L,L,T,A,W,K,S,K,N,D,P,M,G,F,S,Y,D,T,R,C,F,D,S,T,V,T,E,K,D,I,R,V,E,E,E,V,Y,Q,C,C,D,L,E,P,E,A,R,K,V,I,T,A,L,T,D,R,L,Y,V,G,G,P,M,H,N,S,K,G,D,L,C,G,Y,R,R,C,R,A,S,G,V,Y,T,T,S,F,G,N,T,L,T,C,Y,L,K,A,T,A,A,I,R,A,A,A,L,R,D,C,T,M,L,V,C,G,D,D,L,V,V,I,A,E,S,D,G,V,E,E,D,N,R,A,L,R,A,F,T,E,A,M,T,R,Y,S,A,P,P,G,D,A,P,Q,P,A,Y,D,L,E,L,I,T,S,C,S,S,N,V,S,V,A,H,D,V,T,G,K,K,V,Y,Y,L,T,R,D,P,E,T,P,L,A,R,A,V,W,E,T,V,R,H,T,P,V,N,S,W,L,G,N,I,I,V,Y,A,P,T,I,W,V,R,M,I,L,M,T,H,F,F,S,I,L,Q,S,Q,E,A,L,E,K,A,L,D,F,D,M,Y,G,V,T,Y,S,I,T,P,L,D,L,P,A,I,I,Q,R,L,H,G,L,S,A,F,T,L,H,G,Y,S,P,H,E,L,N,R,V,A,G,A,L,R,K,L,G,V,P,P,L,R,A,W,R,H,R,A,R,A,V,R,A,K,L,I,A,Q,G,G,R,A,K,I,C,G,I,Y,L,F,N,W,A,V,K,T,K,L,K,L,T,P,L,P,A,A,A,K,L,D,L,S,G,W,F,T,V,G,A,G,G,G,D,I,Y,H,S,M,S,H,A,R,P,R,Y,L,L,L,C,L,L,I,L,T,V,G,V,G,I,F,L,L,P,A,R
NS5B,GT4,Consensus,,,,,,,,,,,,,,,,,,,,,,,,,,,,,,,,,,,,,,,,,,S,,,,,,,,,,,,,,,,,,,,N,H,,,,,,,,,,,,,,T,,,A,,,,,V,,,,,,,,,,,,,,,,,,,,A,,,,,,,,,,,,,,,N,,,,E,,,,E,,,,,,,,,,,,,,,,,,S,,K,,E,,,,,,,,,,,,,,,,,V,,,,,,,,,Y,,,V,,Q,L,P,E,,,,,,,,,,,,,,,,,,,,,,,,,,,,K,T,,,,,,,,,,,,,,,,,,,,,,,,,,,,,,,,,,,,,,,,,S,,,,E,,,,,,,,,Y,,,,,,,,,,,,,,,,,,F,,,,,,,,,,,,,,,,,,T,,,,G,,K,,,,,,,,,,,,,,,,,,,,,,,,K,,,,,,,,,,,,,,,,,,,,,,,,,,,,,,,,,,,,,,,,,,,A,,,,R,,,,,,,,,,,,,,,,A,,,,,,,,,,,,,,,,,,I,,,,,,,,,,V,,,,,,,,,,,,,,,,,,,,,,,,,,,,,,,,,,,,,,,,,,,,,,,,,,,,,,,,,,,,,,,,S,,,,,,,,,,,,,,,,,,,,,,,,,,,,,K,,,,,,,,,,,,,,,,,,,,,,,,,,,,,,,,S,,,,,,,,,,,,,,,V,,,,,,,,,,,,,,L,,S,,,,,,,,,,,

Gene,Genotype,Sequence,1,2,3,4,5,6,7,8,9,10,11,12,13,14,15,16,17,18,19,20,21,22,23,24,25,26,27,28,29,30,31,32,33,34,35,36,37,38,39,40,41,42,43,44,45,46,47,48,49,50,51,52,53,54,55,56,57,58,59,60,61,62,63,64,65,66,67,68,69,70,71,72,73,74,75,76,77,78,79,80,81,82,83,84,85,86,87,88,89,90,91,92,93,94,95,96,97,98,99,100,101,102,103,104,105,106,107,108,109,110,111,112,113,114,115,116,117,118,119,120,121,122,123,124,125,126,127,128,129,130,131,132,133,134,135,136,137,138,139,140,141,142,143,144,145,146,147,148,149,150,151,152,153,154,155,156,157,158,159,160,161,162,163,164,165,166,167,168,169,170,171,172,173,174,175,176,177,178,179,180,181,182,183,184,185,186,187,188,189,190,191,192,193,194,195,196,197,198,199,200,201,202,203,204,205,206,207,208,209,210,211,212,213,214,215,216,217,218,219,220,221,222,223,224,225,226,227,228,229,230,231,232,233,234,235,236,237,238,239,240,241,242,243,244,245,246,247,248,249,250,251,252,253,254,255,256,257,258,259,260,261,262,263,264,265,266,267,268,269,270,271,272,273,274,275,276,277,278,279,280,281,282,283,284,285,286,287,288,289,290,291,292,293,294,295,296,297,298,299,300,301,302,303,304,305,306,307,308,309,310,311,312,313,314,315,316,317,318,319,320,321,322,323,324,325,326,327,328,329,330,331,332,333,334,335,336,337,338,339,340,341,342,343,344,345,346,347,348,349,350,351,352,353,354,355,356,357,358,359,360,361,362,363,364,365,366,367,368,369,370,371,372,373,374,375,376,377,378,379,380,381,382,383,384,385,386,387,388,389,390,391,392,393,394,395,396,397,398,399,400,401,402,403,404,405,406,407,408,409,410,411,412,413,414,415,416,417,418,419,420,421,422,423,424,425,426,427,428,429,430,431,432,433,434,435,436,437,438,439,440,441,442,443,444,445,446,447,448,449,450,451,452,453,454,455,456,457,458,459,460,461,462,463,464,465,466,467,468,469,470,471,472,473,474,475,476,477,478,479,480,481,482,483,484,485,486,487,488,489,490,491,492,493,494,495,496,497,498,499,500,501,502,503,504,505,506,507,508,509,510,511,512,513,514,515,516,517,518,519,520,521,522,523,524,525,526,527,528,529,530,531,532,533,534,535,536,537,538,539,540,541,542,543,544,545,546,547,548,549,550,551,552,553,554,555,556,557,558,559,560,561,562,563,564,565,566,567,568,569,570,571,572,573,574,575,576,577,578,579,580,581,582,583,584,585,586,587,588,589,590,591
NS5B,GT5,Reference,S,M,S,Y,T,W,T,G,A,L,I,T,P,C,S,A,E,E,E,K,L,P,I,N,P,L,S,N,T,L,L,R,H,H,N,L,V,Y,S,T,S,S,R,S,A,G,L,R,Q,K,K,V,T,F,D,R,L,Q,V,L,D,D,H,Y,R,E,V,V,D,E,M,K,R,L,A,S,K,V,K,A,R,L,L,P,L,E,E,A,C,G,L,T,P,P,H,S,A,R,S,K,Y,G,Y,G,A,K,E,V,R,S,L,D,K,K,A,L,K,H,I,E,G,V,W,Q,D,L,L,D,D,S,D,T,P,L,P,T,T,I,M,A,K,N,E,V,F,A,V,E,P,S,K,G,G,K,K,P,A,R,L,I,V,Y,P,D,L,G,V,R,V,C,E,K,R,A,L,Y,D,V,A,Q,K,L,P,T,A,L,M,G,P,S,Y,G,F,Q,Y,S,P,A,Q,R,V,D,F,L,L,K,A,W,K,S,K,K,I,P,M,A,F,S,Y,D,T,R,C,F,D,S,T,I,T,E,H,D,I,M,T,E,E,S,I,Y,Q,S,C,D,L,Q,P,E,A,R,V,A,I,R,S,L,T,Q,R,L,Y,C,G,G,P,M,Y,N,S,K,G,Q,Q,C,G,Y,R,R,C,R,A,S,G,V,F,T,T,S,M,G,N,T,M,T,C,Y,I,K,A,L,A,S,C,R,A,A,K,L,R,D,C,T,L,L,V,C,G,D,D,L,V,A,I,C,E,S,Q,G,T,H,E,D,E,A,S,L,R,A,F,T,E,A,M,T,R,Y,S,A,P,P,G,D,P,P,V,P,A,Y,D,L,E,L,V,T,S,C,S,S,N,V,S,V,A,R,D,A,S,G,N,R,I,Y,Y,L,T,R,D,P,Q,V,P,L,A,K,A,A,W,E,T,A,K,H,S,P,V,N,S,W,L,G,N,I,I,M,Y,A,P,T,L,W,A,R,I,V,L,M,T,H,F,F,S,V,L,Q,S,Q,E,Q,L,E,K,T,L,A,F,E,M,Y,G,S,V,Y,S,V,T,P,L,D,L,P,A,I,I,Q,R,L,H,G,L,S,A,F,S,L,H,S,Y,S,P,S,E,I,N,R,V,A,S,C,L,R,K,L,G,V,P,P,L,R,A,W,R,H,R,A,R,A,V,R,A,K,L,I,A,Q,G,G,R,A,A,I,C,G,I,Y,L,F,N,W,A,V,K,T,K,R,K,L,T,P,L,A,D,A,D,R,L,D,L,S,S,W,F,T,V,G,A,G,G,G,D,I,Y,H,S,M,S,R,A,R,P,R,N,L,L,L,C,L,L,L,L,S,V,G,V,G,I,F,L,L,P,A,R
NS5B,GT5,Consensus,,,,,S,,,,,,,,,,,,,,,,,,,,,,,,,,,,,,,,,,,,,,,,,,Q,,,,,,,,,,,,,,,,,,,,,,,,,,,,,,,,,,,,,T,,,,,,,,,,,,,,,,,,,,,,,,,,,,,,,,,,,,,,,,,,,,,,,,,,,,,,,,,,,,,,,,,,,,,,,,,,,,,,,,,,,,,,,,,,,,,,I,,,,,,,,,,,,,,,,,,,,,,,,E,,,,,,,R,,,,T,,,,,,,,,,,,,,,V,,,,,,,,,,,,,,,,,,,,,,,A,,,,,,,,,,,,,,,,,,,,,,,,,,,,,,,,,,,,,,,,,,,,,,,,,,,,,,,,,,Q,,,,,,,,,,,,,,,,,,,,,,,,,,,,,,,,,,,,,,,,,,,,,,,,,,,,,,,,,,,,,,,,,,,,,,,,V,,,,,,,,,,,,,R,,,,,,,,,,,,,,,,,,,,,,,,,,,V,,,,,,,,,,,,,,,,,,,,,A,,,,,,,,,,,,,,,,,,,,,,,,,,,,,,,,,,,,,,G,,,,,,,,,,,,,,,,,,,,,,,,,,,,,,,,,,,,,,,,,,,,,,,,,,,,,,,,,,,,,,,,,,,,,,,,,,,,,,,,,,,,,,,,,,,Y,,,,,,,,,,,,,,,,,,,,

Gene,Genotype,Sequence,1,2,3,4,5,6,7,8,9,10,11,12,13,14,15,16,17,18,19,20,21,22,23,24,25,26,27,28,29,30,31,32,33,34,35,36,37,38,39,40,41,42,43,44,45,46,47,48,49,50,51,52,53,54,55,56,57,58,59,60,61,62,63,64,65,66,67,68,69,70,71,72,73,74,75,76,77,78,79,80,81,82,83,84,85,86,87,88,89,90,91,92,93,94,95,96,97,98,99,100,101,102,103,104,105,106,107,108,109,110,111,112,113,114,115,116,117,118,119,120,121,122,123,124,125,126,127,128,129,130,131,132,133,134,135,136,137,138,139,140,141,142,143,144,145,146,147,148,149,150,151,152,153,154,155,156,157,158,159,160,161,162,163,164,165,166,167,168,169,170,171,172,173,174,175,176,177,178,179,180,181,182,183,184,185,186,187,188,189,190,191,192,193,194,195,196,197,198,199,200,201,202,203,204,205,206,207,208,209,210,211,212,213,214,215,216,217,218,219,220,221,222,223,224,225,226,227,228,229,230,231,232,233,234,235,236,237,238,239,240,241,242,243,244,245,246,247,248,249,250,251,252,253,254,255,256,257,258,259,260,261,262,263,264,265,266,267,268,269,270,271,272,273,274,275,276,277,278,279,280,281,282,283,284,285,286,287,288,289,290,291,292,293,294,295,296,297,298,299,300,301,302,303,304,305,306,307,308,309,310,311,312,313,314,315,316,317,318,319,320,321,322,323,324,325,326,327,328,329,330,331,332,333,334,335,336,337,338,339,340,341,342,343,344,345,346,347,348,349,350,351,352,353,354,355,356,357,358,359,360,361,362,363,364,365,366,367,368,369,370,371,372,373,374,375,376,377,378,379,380,381,382,383,384,385,386,387,388,389,390,391,392,393,394,395,396,397,398,399,400,401,402,403,404,405,406,407,408,409,410,411,412,413,414,415,416,417,418,419,420,421,422,423,424,425,426,427,428,429,430,431,432,433,434,435,436,437,438,439,440,441,442,443,444,445,446,447,448,449,450,451,452,453,454,455,456,457,458,459,460,461,462,463,464,465,466,467,468,469,470,471,472,473,474,475,476,477,478,479,480,481,482,483,484,485,486,487,488,489,490,491,492,493,494,495,496,497,498,499,500,501,502,503,504,505,506,507,508,509,510,511,512,513,514,515,516,517,518,519,520,521,522,523,524,525,526,527,528,529,530,531,532,533,534,535,536,537,538,539,540,541,542,543,544,545,546,547,548,549,550,551,552,553,554,555,556,557,558,559,560,561,562,563,564,565,566,567,568,569,570,571,572,573,574,575,576,577,578,579,580,581,582,583,584,585,586,587,588,589,590,591
NS5B,GT6,Reference,S,M,S,Y,T,W,T,G,A,L,I,T,P,C,A,A,E,E,E,K,L,P,I,N,P,L,S,N,S,L,I,R,H,H,N,M,V,Y,S,T,T,S,R,S,A,G,L,R,Q,K,K,V,T,F,D,R,L,Q,V,V,D,Q,H,Y,Q,D,V,L,K,E,I,K,L,R,A,S,T,V,H,A,R,L,L,S,T,E,E,A,C,S,L,T,P,P,H,S,A,R,S,R,Y,G,Y,G,A,R,D,V,R,S,H,T,S,K,A,V,K,H,I,D,S,V,W,E,D,L,L,E,D,N,A,T,P,I,P,T,T,I,M,A,K,N,E,V,F,C,V,D,P,S,K,G,G,R,K,P,A,R,L,I,V,Y,P,D,L,S,V,R,V,C,E,K,M,A,L,Y,D,V,T,Q,K,L,P,K,T,V,M,G,S,A,Y,G,F,Q,Y,S,P,S,Q,R,V,E,Y,L,L,K,M,W,R,S,K,K,T,P,M,G,F,S,Y,D,T,R,C,F,D,S,T,V,T,E,R,D,I,R,T,E,E,D,I,Y,Q,S,C,Q,L,D,P,T,A,R,K,A,I,S,S,L,T,E,R,L,Y,C,G,G,P,M,F,N,S,K,G,E,S,C,G,Y,R,R,C,R,A,S,G,V,L,T,T,S,L,G,N,T,L,T,C,Y,L,K,A,Q,A,A,C,R,A,A,N,I,K,N,F,D,M,L,V,C,G,D,D,L,V,V,I,C,E,S,A,G,V,Q,E,D,V,V,A,L,R,A,F,T,D,A,M,I,R,Y,S,A,P,P,G,D,A,P,Q,P,T,Y,D,L,E,L,I,T,S,C,S,S,N,V,S,V,A,H,D,G,T,G,Q,R,Y,Y,Y,L,T,R,D,C,T,T,P,L,A,R,A,A,W,E,T,A,R,H,T,P,V,N,S,W,L,G,N,I,I,M,Y,A,P,T,I,W,V,R,M,V,L,M,T,H,F,F,S,I,L,Q,C,Q,E,Q,L,E,A,A,L,N,F,D,M,Y,G,V,T,Y,S,V,T,P,L,D,L,P,A,I,I,Q,R,L,H,G,M,A,A,F,S,L,H,G,Y,S,P,T,E,L,N,R,V,G,A,S,L,R,K,L,G,A,P,P,L,R,A,W,R,H,R,A,R,A,V,R,A,K,L,I,A,Q,G,G,K,A,A,I,C,G,K,Y,L,F,N,W,A,V,K,T,K,L,K,L,T,P,L,A,A,A,S,Q,L,D,L,S,G,W,F,V,A,G,Y,D,G,G,D,I,Y,H,S,V,S,R,A,R,P,R,L,L,L,L,G,L,L,L,L,T,V,G,V,G,I,F,L,L,P,A,R
NS5B,GT6,Consensus,,,,,S,,,,,,,,,,,,,,,,,,,,,,,,,,,,,,,L,,,,,,,,,,A,,,,,,,,,,,V,,,L,,,,,,,,,,,,,,,,,,,S,,,,,,,,,,,D,,,,,,,,,,K,F,,,,,K,,,,,,A,,,,I,N,,,N,,,,,,,,,,,Q,,,,,,,,,,,,,,,,,,,,,,,,,,,,,,,,,,,G,,,,,,,R,,,,,I,,R,,,,V,A,,,,A,,,,,,,,,K,,,,,,,,,,,,,,,,,,,,,,,,,,,,,,,,,,,,,,,,,,,,,,,,,,E,,,,,,T,,,,,,,,V,,,,,,,,R,,Q,,,,,,,,,,,,,,P,,,,,,,,,,,,,,,,,,,,,G,L,,D,,,,,,,,,,,,,,S,,,,,,S,,,A,A,,,,,,,E,,,T,,,,,,,,,E,,H,,E,,,,,,,,,,,,,,,,,,,,,,,,,,,,,,,P,,,,,,,,,,,,,,,,,,,,,,,,,,,,,,,,,,,,,,,,,,,G,,,,S,,,,,H,K,,,D,,,I,,,,,,,I,,,,,,,,,,,,,,,,,,,,,,,,,,G,,,,,,,,C,,,,,,,,,,,,,,,,,,,,,,,,,,,,,,,,,,,,,,,,,,,,,,,,,,,,R,G,,,R,,,,,,,,,,,,S,,,,,,,,,,,,,,,M,,,,C,,,,,,,,,,,,,,,,

Gene,Genotype,Sequence,1,2,3,4,5,6,7,8,9,10,11,12,13,14,15,16,17,18,19,20,21,22,23,24,25,26,27,28,29,30,31,32,33,34,35,36,37,38,39,40,41,42,43,44,45,46,47,48,49,50,51,52,53,54,55,56,57,58,59,60,61,62,63,64,65,66,67,68,69,70,71,72,73,74,75,76,77,78,79,80,81,82,83,84,85,86,87,88,89,90,91,92,93,94,95,96,97,98,99,100,101,102,103,104,105,106,107,108,109,110,111,112,113,114,115,116,117,118,119,120,121,122,123,124,125,126,127,128,129,130,131,132,133,134,135,136,137,138,139,140,141,142,143,144,145,146,147,148,149,150,151,152,153,154,155,156,157,158,159,160,161,162,163,164,165,166,167,168,169,170,171,172,173,174,175,176,177,178,179,180,181,182,183,184,185,186,187,188,189,190,191,192,193,194,195,196,197,198,199,200,201,202,203,204,205,206,207,208,209,210,211,212,213,214,215,216,217,218,219,220,221,222,223,224,225,226,227,228,229,230,231,232,233,234,235,236,237,238,239,240,241,242,243,244,245,246,247,248,249,250,251,252,253,254,255,256,257,258,259,260,261,262,263,264,265,266,267,268,269,270,271,272,273,274,275,276,277,278,279,280,281,282,283,284,285,286,287,288,289,290,291,292,293,294,295,296,297,298,299,300,301,302,303,304,305,306,307,308,309,310,311,312,313,314,315,316,317,318,319,320,321,322,323,324,325,326,327,328,329,330,331,332,333,334,335,336,337,338,339,340,341,342,343,344,345,346,347,348,349,350,351,352,353,354,355,356,357,358,359,360,361,362,363,364,365,366,367,368,369,370,371,372,373,374,375,376,377,378,379,380,381,382,383,384,385,386,387,388,389,390,391,392,393,394,395,396,397,398,399,400,401,402,403,404,405,406,407,408,409,410,411,412,413,414,415,416,417,418,419,420,421,422,423,424,425,426,427,428,429,430,431,432,433,434,435,436,437,438,439,440,441,442,443,444,445,446,447,448,449,450,451,452,453,454,455,456,457,458,459,460,461,462,463,464,465,466,467,468,469,470,471,472,473,474,475,476,477,478,479,480,481,482,483,484,485,486,487,488,489,490,491,492,493,494,495,496,497,498,499,500,501,502,503,504,505,506,507,508,509,510,511,512,513,514,515,516,517,518,519,520,521,522,523,524,525,526,527,528,529,530,531,532,533,534,535,536,537,538,539,540,541,542,543,544,545,546,547,548,549,550,551,552,553,554,555,556,557,558,559,560,561,562,563,564,565,566,567,568,569,570,571,572,573,574,575,576,577,578,579,580,581,582,583,584,585,586,587,588,589,590,591
NS5B,GT7,Reference,S,M,S,Y,S,W,T,G,A,L,V,T,P,S,G,P,E,E,E,R,L,P,I,N,A,L,S,N,T,M,L,R,H,Y,N,M,V,Y,S,T,T,S,R,S,A,S,Q,R,A,K,K,V,T,F,D,R,L,Q,V,L,D,D,H,Y,K,R,A,L,A,D,V,K,A,D,A,S,T,V,K,A,Q,L,L,S,V,E,E,A,A,A,L,T,P,A,H,S,A,R,S,K,F,G,Y,G,A,K,E,V,R,S,L,A,P,K,A,M,S,H,I,K,E,V,W,K,D,L,L,Q,D,M,T,T,P,I,P,T,T,I,M,A,K,N,E,V,F,C,V,N,P,A,K,G,G,K,K,P,A,R,L,I,V,Y,P,D,L,G,V,R,V,C,E,K,R,A,L,Y,D,I,A,Q,K,L,P,K,A,I,M,G,Q,A,Y,G,F,Q,Y,S,P,S,Q,R,V,E,Y,L,V,K,T,W,K,S,K,R,T,P,M,G,F,S,Y,D,T,R,C,F,D,S,T,V,T,E,Q,D,I,R,T,E,S,E,I,Y,Q,C,C,N,L,D,P,E,A,R,T,I,I,N,A,L,T,E,R,L,Y,V,G,G,P,M,F,N,S,K,G,Q,R,V,G,Y,R,R,C,R,A,S,G,V,F,P,T,S,M,G,N,T,M,T,C,Y,I,K,A,K,A,A,A,A,A,A,G,L,E,S,T,D,F,L,V,C,G,D,D,L,V,V,I,C,E,S,K,G,V,E,R,D,R,A,D,L,Q,A,F,A,A,A,M,T,R,Y,S,A,P,P,G,D,M,P,Q,P,A,Y,D,L,E,H,I,D,S,C,S,S,N,V,S,V,A,R,D,N,S,G,K,R,V,Y,Y,L,T,R,D,P,T,N,P,L,S,R,A,A,W,E,T,A,R,H,S,P,V,N,S,W,V,G,N,I,I,M,F,A,P,T,I,W,V,R,M,V,L,M,T,H,F,F,A,L,L,L,N,E,E,R,L,N,D,P,V,S,F,E,M,Y,G,A,T,Y,T,V,C,P,T,D,L,P,D,I,I,Q,R,L,H,G,L,R,A,F,E,L,H,T,Y,S,P,A,E,L,T,R,V,A,A,T,L,R,K,L,G,V,P,P,L,R,T,W,R,Q,R,A,R,K,V,R,A,G,L,I,G,Q,G,G,R,A,R,I,C,G,L,Y,L,F,N,W,A,V,R,T,K,I,K,L,T,P,L,A,G,A,G,R,L,D,L,S,S,W,F,S,V,C,A,G,E,A,D,V,D,H,S,T,P,R,A,H,P,R,P,L,L,L,C,L,L,L,L,A,V,G,V,G,I,F,L,L,P,A,R
NS5B,GT7,Consensus,,,,,,,,,,,,,,,,,,,,,,,,,,,,,,,,,,,,,,,,,,,,,,,,,,,,,,,,,,,,,,,,,,,,,,,,,,,,,,,,,,,,,I,,,,,,,,,,,,,,,,,,,,,,,,,A,,,,,,L,,,,,,,,,,,,K,,K,,,,,,,S,,,,,,,,,,,,,,,,,,,,,,,,,,,,,,,,,,,,,,,,,,,,,,,,,,,,A,,,,,,,,,A,,,,D,F,,,,,,E,,,K,,,,,,,,,,,,,,,,,,,,,,,,,,,,,,,,,,,,,,,,A,,D,,,,,,,,,,,,,,,,,,E,K,,,,,,,,,,,,,,,,,,,,,,,,,,,,,,,,,,,,,,A,,,,,,,,,,,,,,,,,,,,Q,,,,,,D,,,,,,,,,,,,,,,,,,,,,,,,,,,,,,,,,,,,,,,,K,,,,,,,,,,,,,,,,,,,,,,,,,,,,,,,,,,,,,,,,,,,,,,,,F,,,,,,,,,,,,,,,,,,,,,,,,,,,,,,,,,,,,,,,,,,,,,,,,,,,,,,,,,,S,,,,,,,,,,,,,,,,,,,,,,,,,,,,,,A,,,,K,,,,,,,,,,,,,,,,,,,,,,,,,,,,,,,,,,,,,,,,,,,,,,,,,,,,,,,,,,,,,,,,,,,,,,,,,,

Gene,Genotype,Sequence,1,2,3,4,5,6,7,8,9,10,11,12,13,14,15,16,17,18,19,20,21,22,23,24,25,26,27,28,29,30,31,32,33,34,35,36,37,38,39,40,41,42,43,44,45,46,47,48,49,50,51,52,53,54,55,56,57,58,59,60,61,62,63,64,65,66,67,68,69,70,71,72,73,74,75,76,77,78,79,80,81,82,83,84,85,86,87,88,89,90,91,92,93,94,95,96,97,98,99,100,101,102,103,104,105,106,107,108,109,110,111,112,113,114,115,116,117,118,119,120,121,122,123,124,125,126,127,128,129,130,131,132,133,134,135,136,137,138,139,140,141,142,143,144,145,146,147,148,149,150,151,152,153,154,155,156,157,158,159,160,161,162,163,164,165,166,167,168,169,170,171,172,173,174,175,176,177,178,179,180,181,182,183,184,185,186,187,188,189,190,191,192,193,194,195,196,197,198,199,200,201,202,203,204,205,206,207,208,209,210,211,212,213,214,215,216,217,218,219,220,221,222,223,224,225,226,227,228,229,230,231,232,233,234,235,236,237,238,239,240,241,242,243,244,245,246,247,248,249,250,251,252,253,254,255,256,257,258,259,260,261,262,263,264,265,266,267,268,269,270,271,272,273,274,275,276,277,278,279,280,281,282,283,284,285,286,287,288,289,290,291,292,293,294,295,296,297,298,299,300,301,302,303,304,305,306,307,308,309,310,311,312,313,314,315,316,317,318,319,320,321,322,323,324,325,326,327,328,329,330,331,332,333,334,335,336,337,338,339,340,341,342,343,344,345,346,347,348,349,350,351,352,353,354,355,356,357,358,359,360,361,362,363,364,365,366,367,368,369,370,371,372,373,374,375,376,377,378,379,380,381,382,383,384,385,386,387,388,389,390,391,392,393,394,395,396,397,398,399,400,401,402,403,404,405,406,407,408,409,410,411,412,413,414,415,416,417,418,419,420,421,422,423,424,425,426,427,428,429,430,431,432,433,434,435,436,437,438,439,440,441,442,443,444,445,446,447,448,449,450,451,452,453,454,455,456,457,458,459,460,461,462,463,464,465,466,467,468,469,470,471,472,473,474,475,476,477,478,479,480,481,482,483,484,485,486,487,488,489,490,491,492,493,494,495,496,497,498,499,500,501,502,503,504,505,506,507,508,509,510,511,512,513,514,515,516,517,518,519,520,521,522,523,524,525,526,527,528,529,530,531,532,533,534,535,536,558,559,560,561,562,563,564,565,566,567,568,569,570,571,572,573,574,575,576,577,578,579,580,581,582,583,584,585,586,587,588,589,590,591
NS5B,GT8,Reference,S,M,S,Y,S,W,T,G,A,L,V,T,P,C,G,P,E,E,E,K,L,P,I,N,P,L,S,N,S,L,I,R,H,H,N,L,V,Y,S,T,S,S,K,S,A,G,L,R,Q,K,K,V,T,F,D,R,L,Q,V,L,D,S,H,Y,D,D,V,L,K,E,V,K,L,R,A,S,K,V,K,V,D,T,L,S,V,E,E,A,C,R,L,T,P,S,H,S,A,R,S,K,F,G,Y,G,A,K,E,V,R,G,L,D,R,K,A,I,N,H,I,N,S,V,W,E,D,L,L,S,D,N,S,E,P,I,P,T,T,I,M,A,K,N,E,V,F,C,V,N,P,A,K,G,G,R,K,A,A,R,L,I,V,Y,P,D,L,G,V,R,V,C,E,K,R,A,L,Y,D,M,T,K,K,L,P,I,A,I,M,G,G,A,Y,G,F,Q,Y,S,P,Q,Q,R,V,D,Y,L,L,K,A,W,R,S,K,K,T,P,M,G,F,S,Y,D,T,R,C,F,D,S,T,V,T,E,R,D,I,R,T,E,L,D,I,Y,M,Q,A,S,M,D,S,E,T,R,T,V,V,K,A,L,T,E,R,L,Y,C,G,G,P,M,F,N,S,K,G,Q,T,C,G,Y,R,R,C,R,A,S,G,V,L,P,T,S,M,A,N,T,I,T,C,Y,L,K,A,S,A,A,A,R,A,A,G,L,K,S,P,T,M,L,V,C,G,D,D,L,V,V,I,S,E,S,L,G,V,G,E,D,A,A,A,L,R,A,F,T,E,A,M,T,R,Y,S,A,P,P,G,D,P,P,Q,P,E,Y,D,L,E,R,I,T,S,C,S,S,N,V,S,V,A,H,D,G,L,G,K,R,Y,Y,Y,L,T,R,D,P,V,T,P,L,A,R,A,A,W,E,T,A,R,H,T,P,V,N,S,W,L,G,N,I,I,L,Y,A,P,T,I,W,V,R,M,V,L,M,T,H,F,F,G,I,L,Q,S,R,E,E,L,E,K,A,M,D,F,D,M,Y,G,V,T,Y,S,V,T,P,L,D,L,P,Q,I,I,E,R,L,H,G,L,A,A,F,S,L,H,G,Y,S,P,G,E,L,T,R,V,A,G,A,L,R,K,L,G,A,P,P,L,R,A,W,R,H,R,A,R,A,V,R,A,R,L,I,A,Q,G,G,R,A,A,T,C,G,H,Y,L,F,N,W,A,V,K,T,K,L,K,H,G,D,V,Y,H,S,A,S,R,A,R,P,R,Y,L,L,L,C,L,L,L,L,S,V,G,V,G,L,V,L,L,P,N,R
NS5B,GT8,Consensus,,,,,,,,,,,,,,,,,,,,,,,,,,,,,,,,,,,,,,,,,,,,,,,,,,,,,,,,,,,,,,,,,E,,,,,,,,,Q,,,,,,,,,,,,,,,,,,,,P,,,,,,,,,,,,,,,,S,,,,,,,,,,,,,,,,,,,,,P,,,,,,,,,,,,,,,,,,,,,,,,,S,,,,,,,,,,,,,,,,,,,,,,,,,,,,,,,,,,,,,,,,,,,,,,,,,,,,,,,,,,,,,,,,,,,,,,,,,,,,,,,,,,,,,,,,,,,,,A,,,A,,,,,,,,,,,,,,,,,,,,,A,,,,,,,,,,,,,,,,,G,,,L,,,,,,,,,,,K,,,,,,,,,,,,,,,,,,,,,,,,,,,,,,,,,,,,,,,,,,,,,,,,,,,,,,,,,,,,,,,,,,,,,,,,,,,,,,,,,,,,,,,,,,,,,,,,,,,,,,,,,,,,,,,,,,,,,,,,,,,,,,,,,,,A,,,,,,,,,,,,,,,,,,,,,,,,,,,,,,,,,,,,,,,,,,,,,,,,,,,,,,,,,,,,,,,,,,,,,,,,,,,,,,,,,,,,,I,,,,,,,,,,,,,,,,I,,,,,,,,,,,,,,,,,,,,,,,,,,,,,,,,,,
