Gene,Genotype,Sequence,1,2,3,4,5,6,7,8,9,10,11,12,13,14,15,16,17,18,19,20,21,22,23,24,25,26,27,28,29,30,31,32,33,34,35,36,37,38,39,40,41,42,43,44,45,46,47,48,49,50,51,52,53,54,55,56,57,58,59,60,61,62,63,64,65,66,67,68,69,70,71,72,73,74,75,76,77,78,79,80,81,82,83,84,85,86,87,88,89,90,91,92,93,94,95,96,97,98,99,100,101,102,103,104,105,106,107,108,109,110,111,112,113,114,115,116,117,118,119,120,121,122,123,124,125,126,127,128,129,130,131,132,133,134,135,136,137,138,139,140,141,142,143,144,145,146,147,148,149,150,151,152,153,154,155,156,157,158,159,160,161,162,163,164,165,166,167,168,169,170,171,172,173,174,175,176,177,178,179,180,181,182,183,184,185,186,187,188,189,190,191,192,193,194,195,196,197,198,199,200,201,202,203,204,205,206,207,208,209,210,211,212,213
NS5A_NTD,GT1,Reference,S,G,S,W,L,R,D,I,W,D,W,I,C,E,V,L,S,D,F,K,T,W,L,K,A,K,L,M,P,Q,L,P,G,I,P,F,V,S,C,Q,R,G,Y,R,G,V,W,R,G,D,G,I,M,H,T,R,C,H,C,G,A,E,I,T,G,H,V,K,N,G,T,M,R,I,V,G,P,R,T,C,R,N,M,W,S,G,T,F,P,I,N,A,Y,T,T,G,P,C,T,P,L,P,A,P,N,Y,K,F,A,L,W,R,V,S,A,E,E,Y,V,E,I,R,R,V,G,D,F,H,Y,V,S,G,M,T,T,D,N,L,K,C,P,C,Q,I,P,S,P,E,F,F,T,E,L,D,G,V,R,L,H,R,F,A,P,P,C,K,P,L,L,R,E,E,V,S,F,R,V,G,L,H,E,Y,P,V,G,S,Q,L,P,C,E,P,E,P,D,V,A,V,L,T,S,M,L,T,D,P,S,H,I,T,A,E,A
NS5A_NTD,GT1,Consensus,,,,,,,,,,,,,,,,,,,,,,,,,,,,,,,,,,,,,,,,,,,,K,,,,,,,,,,,,,,,,,,,,,,,,,,,,,,,,,,K,,,,,,,,,,,,,,,,,,,,,,,,,,,,,S,,,,,,,,,,,,,,,,,,,,,,,,T,,,,,,,,,,,,,V,,,,,,,,,,,,,,,,,,,,,,,,,,,,,,,,,,,,,Q,,,,,,,,,,,,,,,,,,,,,,,,,,,,,,,,

Gene,Genotype,Sequence,1,2,3,4,5,6,7,8,9,10,11,12,13,14,15,16,17,18,19,20,21,22,23,24,25,26,27,28,29,30,31,32,33,34,35,36,37,38,39,40,41,42,43,44,45,46,47,48,49,50,51,52,53,54,55,56,57,58,59,60,61,62,63,64,65,66,67,68,69,70,71,72,73,74,75,76,77,78,79,80,81,82,83,84,85,86,87,88,89,90,91,92,93,94,95,96,97,98,99,100,101,102,103,104,105,106,107,108,109,110,111,112,113,114,115,116,117,118,119,120,121,122,123,124,125,126,127,128,129,130,131,132,133,134,135,136,137,138,139,140,141,142,143,144,145,146,147,148,149,150,151,152,153,154,155,156,157,158,159,160,161,162,163,164,165,166,167,168,169,170,171,172,173,174,175,176,177,178,179,180,181,182,183,184,185,186,187,188,189,190,191,192,193,194,195,196,197,198,199,200,201,202,203,204,205,206,207,208,209,210,211,212,213
NS5A_NTD,GT2,Reference,G,G,S,W,L,R,D,V,W,D,W,V,C,T,I,L,T,D,F,K,N,W,L,T,S,K,L,F,P,K,M,P,G,L,P,F,V,S,C,Q,K,G,Y,K,G,V,W,A,G,T,G,I,M,T,T,R,C,P,C,G,A,N,I,S,G,N,V,R,L,G,S,M,R,I,T,G,P,K,T,C,M,N,I,W,Q,G,T,F,P,I,N,C,Y,T,E,G,Q,C,V,P,K,P,A,P,N,F,K,V,A,I,W,R,V,A,A,S,E,Y,A,E,V,T,Q,H,G,S,Y,H,Y,I,T,G,L,T,T,D,N,L,K,V,P,C,Q,L,P,S,P,E,F,F,S,W,V,D,G,V,Q,I,H,R,F,A,P,T,P,K,P,F,F,R,D,E,V,S,F,C,V,G,L,N,S,F,V,V,G,S,Q,L,P,C,D,P,E,P,D,T,D,V,L,M,S,M,L,T,D,P,S,H,I,T,A,E,T
NS5A_NTD,GT2,Consensus,A,,,,,,,I,,,,,,S,,,,,,,,,,S,,,,L,,,,,,,,,I,,,,,,,,,,,,,,,,,,,,,,,,,,,,,H,,,M,,T,,K,,,,,,,,L,,T,,,,,,,,,,,,,,P,,,,,,P,,,Y,,T,,,,,,,,,,,V,,,,,,,,F,S,,V,,,,,S,,,,,,,,,V,,A,,,,,,,,,,,,,,,,,,,,G,,,,,,,,,,T,,,,,,,,,,,,,,,,,,,,,E,,,A,,,,,,,,,,,,,A

Gene,Genotype,Sequence,1,2,3,4,5,6,7,8,9,10,11,12,13,14,15,16,17,18,19,20,21,22,23,24,25,26,27,28,29,30,31,32,33,34,35,36,37,38,39,40,41,42,43,44,45,46,47,48,49,50,51,52,53,54,55,56,57,58,59,60,61,62,63,64,65,66,67,68,69,70,71,72,73,74,75,76,77,78,79,80,81,82,83,84,85,86,87,88,89,90,91,92,93,94,95,96,97,98,99,100,101,102,103,104,105,106,107,108,109,110,111,112,113,114,115,116,117,118,119,120,121,122,123,124,125,126,127,128,129,130,131,132,133,134,135,136,137,138,139,140,141,142,143,144,145,146,147,148,149,150,151,152,153,154,155,156,157,158,159,160,161,162,163,164,165,166,167,168,169,170,171,172,173,174,175,176,177,178,179,180,181,182,183,184,185,186,187,188,189,190,191,192,193,194,195,196,197,198,199,200,201,202,203,204,205,206,207,208,209,210,211,212,213
NS5A_NTD,GT3,Reference,S,D,D,W,L,R,T,I,W,D,W,V,C,S,V,L,A,D,F,K,A,W,L,S,A,K,I,M,P,A,L,P,G,L,P,F,I,S,C,Q,K,G,Y,K,G,V,W,R,G,D,G,V,M,S,T,R,C,P,C,G,A,A,I,T,G,H,V,K,N,G,S,M,R,L,A,G,P,R,T,C,A,N,M,W,H,G,T,F,P,I,N,E,Y,T,T,G,P,S,T,P,C,P,S,P,N,Y,T,R,A,L,W,R,V,A,A,N,S,Y,V,E,V,R,R,V,G,D,F,H,Y,I,T,G,A,T,E,D,E,L,K,C,P,C,Q,V,P,A,A,E,F,F,T,E,V,D,G,V,R,L,H,R,Y,A,P,P,C,K,P,L,L,R,D,D,I,T,F,M,V,G,L,H,S,Y,T,I,G,S,Q,L,P,C,E,P,E,P,D,V,S,V,L,T,S,M,L,R,D,P,S,H,I,T,A,E,T
NS5A_NTD,GT3,Consensus,,G,,,,,D,,,,,,,T,,,S,,,,T,,,,,,,,,,,,,,,,,,,,,,,,,,,,,,,,,,,,,,,,,S,,,,,,,,,,,,,,,,,,,,,,,,,,,,,,,,,,,,,,,,,,,,,,,,,,,,,,,,,,,,,,,,,,,,,,,,,,,,,,,,,,,,,,,,,,,,,,,,,,,,,,,,,,,,,,E,,,,,,,,N,,,A,,,,,,,,,,,,,,,,,,,,,,,,,,,,,,

Gene,Genotype,Sequence,1,2,3,4,5,6,7,8,9,10,11,12,13,14,15,16,17,18,19,20,21,22,23,24,25,26,27,28,29,30,31,32,33,34,35,36,37,38,39,40,41,42,43,44,45,46,47,48,49,50,51,52,53,54,55,56,57,58,59,60,61,62,63,64,65,66,67,68,69,70,71,72,73,74,75,76,77,78,79,80,81,82,83,84,85,86,87,88,89,90,91,92,93,94,95,96,97,98,99,100,101,102,103,104,105,106,107,108,109,110,111,112,113,114,115,116,117,118,119,120,121,122,123,124,125,126,127,128,129,130,131,132,133,134,135,136,137,138,139,140,141,142,143,144,145,146,147,148,149,150,151,152,153,154,155,156,157,158,159,160,161,162,163,164,165,166,167,168,169,170,171,172,173,174,175,176,177,178,179,180,181,182,183,184,185,186,187,188,189,190,191,192,193,194,195,196,197,198,199,200,201,202,203,204,205,206,207,208,209,210,211,212,213
NS5A_NTD,GT4,Reference,A,E,S,W,L,W,E,V,W,D,W,V,L,H,V,L,S,D,F,K,T,C,L,K,A,K,F,V,P,L,M,P,G,I,P,L,L,S,W,P,R,G,Y,K,G,E,W,R,G,D,G,V,M,H,T,T,C,P,C,G,A,D,L,A,G,H,I,K,N,G,S,M,R,I,T,G,P,K,T,C,S,N,T,W,H,G,T,F,P,I,N,A,Y,T,T,G,P,G,V,P,I,P,A,P,N,Y,K,F,A,L,W,R,V,S,A,E,D,Y,V,E,V,R,R,V,G,D,F,H,Y,V,T,G,V,T,Q,D,N,I,K,F,P,C,Q,V,P,A,P,E,L,F,T,E,V,D,G,I,R,I,H,R,H,A,P,K,C,K,P,L,L,R,D,E,V,S,F,S,V,G,L,N,S,F,V,V,G,S,Q,L,P,C,E,P,E,P,D,V,A,V,L,T,S,M,L,T,D,P,S,H,I,T,A,E,S
NS5A_NTD,GT4,Consensus,,R,,,,,,I,,,,,C,T,,,,,,,,W,,,,,L,L,,R,,,,,,F,,,C,Q,,,,R,,,,,,,,,,,,,,,,,,E,,,,,V,,,,,,,,V,,,,,,,,,,,,,,,,,,,,,,,,,,,,,,,,,,,,,,,,,,E,,,,,,,,,E,,,,I,,,,,,,,,,C,,,,,,,,,F,,,,,,,V,,L,,,,,,A,,,,,,,,,,,,,,,,,T,,,,,,,,,,,,,,,,,,,,,,,,,,,,,,,,A

Gene,Genotype,Sequence,1,2,3,4,5,6,7,8,9,10,11,12,13,14,15,16,17,18,19,20,21,22,23,24,25,26,27,28,29,30,31,32,33,34,35,36,37,38,39,40,41,42,43,44,45,46,47,48,49,50,51,52,53,54,55,56,57,58,59,60,61,62,63,64,65,66,67,68,69,70,71,72,73,74,75,76,77,78,79,80,81,82,83,84,85,86,87,88,89,90,91,92,93,94,95,96,97,98,99,100,101,102,103,104,105,106,107,108,109,110,111,112,113,114,115,116,117,118,119,120,121,122,123,124,125,126,127,128,129,130,131,132,133,134,135,136,137,138,139,140,141,142,143,144,145,146,147,148,149,150,151,152,153,154,155,156,157,158,159,160,161,162,163,164,165,166,167,168,169,170,171,172,173,174,175,176,177,178,179,180,181,182,183,184,185,186,187,188,189,190,191,192,193,194,195,196,197,198,199,200,201,202,203,204,205,206,207,208,209,210,211,212,213
NS5A_NTD,GT5,Reference,D,G,T,W,L,R,A,I,W,D,W,V,C,T,A,L,T,D,F,K,A,W,L,Q,A,K,L,L,P,Q,L,P,G,V,P,F,F,S,C,Q,K,G,Y,K,G,V,W,R,G,D,G,V,N,S,T,K,C,P,C,G,A,T,I,S,G,H,V,K,N,G,T,M,R,I,V,G,P,K,L,C,S,N,T,W,Q,G,T,F,P,I,N,A,T,T,T,G,P,S,V,P,A,P,A,P,N,Y,K,F,A,L,W,R,V,G,A,A,D,Y,A,E,V,R,R,V,G,D,Y,H,Y,I,T,G,V,T,Q,D,N,L,K,C,P,C,Q,V,P,S,P,E,F,F,T,E,L,D,G,V,R,I,H,R,F,A,P,P,C,N,P,L,L,R,E,E,V,T,F,S,V,G,L,H,S,Y,V,V,G,S,Q,L,P,C,E,P,E,P,D,V,T,V,L,T,S,M,L,S,D,P,A,H,I,T,A,E,T
NS5A_NTD,GT5,Consensus,,,,,,,,,,,,,,,,,,,,,,,,,,,,,,,,,,,,,L,,,,R,,,,,,,,,,,,,,,,,,,,,,,,,,,,,,,,,,,,,,M,,,,,,H,,,,,,,,,,,,,,,,,,,,,,,,,,,,,,,,,,V,,,,,,,,,,,,,,,,,,,,,,,,,,,,,,,,,,,,,,,,,,,,,,,,,,,,,,,S,,,,,,,,,,,,,,,,,,,,,,,,,,,,,,,,,,,,,,,

Gene,Genotype,Sequence,1,2,3,4,5,6,7,8,9,10,11,12,13,14,15,16,17,18,19,20,21,22,23,24,25,26,27,28,29,30,31,32,33,34,35,36,37,38,39,40,41,42,43,44,45,46,47,48,49,50,51,52,53,54,55,56,57,58,59,60,61,62,63,64,65,66,67,68,69,70,71,72,73,74,75,76,77,78,79,80,81,82,83,84,85,86,87,88,89,90,91,92,93,94,95,96,97,98,99,100,101,102,103,104,105,106,107,108,109,110,111,112,113,114,115,116,117,118,119,120,121,122,123,124,125,126,127,128,129,130,131,132,133,134,135,136,137,138,139,140,141,142,143,144,145,146,147,148,149,150,151,152,153,154,155,156,157,158,159,160,161,162,163,164,165,166,167,168,169,170,171,172,173,174,175,176,177,178,179,180,181,182,183,184,185,186,187,188,189,190,191,192,193,194,195,196,197,198,199,200,201,202,203,204,205,206,207,208,209,210,211,212,213
NS5A_NTD,GT6,Reference,A,S,S,W,L,R,D,V,W,D,W,V,C,T,V,L,S,D,F,K,T,W,L,K,A,K,I,T,P,R,I,P,G,I,P,F,I,S,C,Q,A,G,Y,R,G,V,W,A,G,D,G,V,C,H,T,T,C,S,C,G,A,Q,I,A,G,H,V,K,N,G,S,M,K,I,T,G,P,R,M,C,S,N,T,W,H,G,T,F,P,I,N,A,T,T,T,S,P,S,V,P,V,P,A,P,N,Y,K,R,A,L,W,R,V,S,A,E,E,Y,V,E,V,E,R,H,G,D,R,H,Y,V,V,G,V,T,A,D,G,L,K,C,P,C,Q,V,P,G,P,E,F,F,T,E,V,D,G,V,R,I,H,R,Y,A,P,P,C,K,P,L,L,R,D,E,V,S,F,S,V,G,L,L,E,F,V,V,G,S,Q,L,P,C,E,P,E,P,D,V,T,V,V,T,S,M,L,T,D,P,S,H,I,T,A,E,T
NS5A_NTD,GT6,Consensus,,T,,,,,,,,,,,,,,,,,,,,,,,,,L,V,,,L,,,,,,L,,,,R,,,,,,,R,,,,,,,,,,P,,,,V,,,,,,,,,T,,,,,,,K,T,,,,,,,,,,,,,,,,,G,,,,,I,,,,,,Q,,,,,,,,,,,,,,,R,,V,,,C,,,,,,,,,,N,,,,,,,,,A,,,,,,,,,,,,,,,,,,,,,,,,,,,,T,,,,,,S,S,Y,A,I,,,,,,,,,,,,,,,,,,,,,,,,,,,,,

Gene,Genotype,Sequence,1,2,3,4,5,6,7,8,9,10,11,12,13,14,15,16,17,18,19,20,21,22,23,24,25,26,27,28,29,30,31,32,33,34,35,36,37,38,39,40,41,42,43,44,45,46,47,48,49,50,51,52,53,54,55,56,57,58,59,60,61,62,63,64,65,66,67,68,69,70,71,72,73,74,75,76,77,78,79,80,81,82,83,84,85,86,87,88,89,90,91,92,93,94,95,96,97,98,99,100,101,102,103,104,105,106,107,108,109,110,111,112,113,114,115,116,117,118,119,120,121,122,123,124,125,126,127,128,129,130,131,132,133,134,135,136,137,138,139,140,141,142,143,144,145,146,147,148,149,150,151,152,153,154,155,156,157,158,159,160,161,162,163,164,165,166,167,168,169,170,171,172,173,174,175,176,177,178,179,180,181,182,183,184,185,186,187,188,189,190,191,192,193,194,195,196,197,198,199,200,201,202,203,204,205,206,207,208,209,210,211,212,213
NS5A_NTD,GT7,Reference,A,G,S,W,L,R,E,V,W,D,W,V,C,M,V,L,S,D,F,A,S,W,L,K,A,K,V,L,P,S,L,P,G,I,P,F,L,S,C,Q,K,G,Y,K,G,E,W,R,N,D,G,I,M,N,T,K,C,P,C,G,A,L,I,A,G,H,V,K,N,G,S,M,R,I,V,G,P,K,T,C,R,N,T,W,W,G,T,F,P,I,N,S,H,T,T,G,P,S,S,P,V,P,S,H,C,Y,Q,R,A,L,W,R,V,S,A,T,E,Y,V,E,I,L,R,H,N,D,Q,H,Y,V,V,G,V,T,A,E,D,L,K,C,P,C,Q,V,P,S,P,E,F,F,S,F,V,D,G,V,R,I,H,R,F,A,P,E,P,K,P,M,I,R,E,E,A,A,F,V,V,G,L,H,S,Y,V,V,G,S,Q,L,P,C,E,P,E,P,D,V,Q,T,V,S,Q,L,L,T,D,P,S,H,I,T,A,E,T
NS5A_NTD,GT7,Consensus,,,,,,,D,,,,,,,,I,,Q,,,,A,,,,,,,,,C,,,,,,,,,,,,,,,,,,,,,,,,,,,,,,,,,,,,,,,,,,,,,,,,,,,,,,,,,,,,,,,,,,,,C,,,A,,,,,,,,,,,,,,,,,,,,,,,,,,,,,I,,,,,,,,,,,,,,,,,,,,,,,,,,,,,,,,,,,,,,,,,D,,,,,S,,,,,,,A,,,,,,,,,,,,,,,,,,,,,,,,,,,S,,,

Gene,Genotype,Sequence,1,2,3,4,5,6,7,8,9,10,11,12,13,14,15,16,17,18,19,20,21,22,23,24,25,26,27,28,29,30,31,32,33,34,35,36,37,38,39,40,41,42,43,44,45,46,47,48,49,50,51,52,53,54,55,56,57,58,59,60,61,62,63,64,65,66,67,68,69,70,71,72,73,74,75,76,77,78,79,80,81,82,83,84,85,86,87,88,89,90,91,92,93,94,95,96,97,98,99,100,101,102,103,104,105,106,107,108,109,110,111,112,113,114,115,116,117,118,119,120,121,122,123,124,125,126,127,128,129,130,131,132,133,134,135,136,137,138,139,140,141,142,143,144,145,146,147,148,149,150,151,152,153,154,155,156,157,158,159,160,161,162,163,164,165,166,167,168,169,170,171,172,173,174,175,176,177,178,179,180,181,182,183,184,185,186,187,188,189,190,191,192,193,194,195,196,197,198,199,200,201,202,203,204,205,206,207,208,209,210,211,212,213
NS5A_NTD,GT8,Reference,G,N,S,W,L,S,D,V,W,D,W,V,C,T,V,L,S,D,F,K,S,W,L,K,A,R,L,L,P,S,L,P,G,V,P,Y,L,S,C,Q,V,G,F,R,G,V,W,R,G,D,G,I,N,T,T,T,C,P,C,G,A,V,I,T,G,H,V,K,N,G,T,M,R,I,V,G,P,K,L,C,S,N,T,W,R,N,T,F,P,I,N,S,S,T,T,G,P,S,V,P,V,P,A,P,N,Y,K,K,A,M,W,R,V,S,A,E,E,Y,V,E,I,T,Q,F,R,Q,S,H,Y,V,T,G,Q,T,A,D,N,L,K,C,P,C,Q,V,P,S,P,E,F,F,S,F,V,D,G,V,R,I,H,R,Y,L,P,D,V,K,P,L,L,R,D,E,V,S,F,S,V,G,L,N,S,Y,V,V,G,S,Q,L,P,C,E,P,E,P,D,V,A,A,L,T,S,M,L,R,D,P,D,H,I,T,A,E,S
NS5A_NTD,GT8,Consensus,,,,,,R,,,,,,,,,,,,,,,,,,,,K,,,,,,,,,,,,,,,,,,,,,,,,,,,,,,,,,,,,I,,,,,,,,,,,,,,,,,,,,,,,,,,,,,,,,,,,,,,,,,,,,,,,,L,,,,,,,,,I,,,,,,,,,,,,,,,,,,,,,,,,,,,,,,,,,,,,,,,L,,,H,,,,,,,,,,,,,,,,,,,,,,,,,,,,,,,,,,,,T,V,,,,,,,,,,,,,,,
