Accession,CometFullSeqGenotype,CometPerGeneGenotype,FullSeqGenotype,PerGeneGenotype,GenBankGenotype,PresentMethodCount,BlankMethods,DistinctGenotypeCount,GenotypesObserved,AgreementStatus
MW205374,6,6,1,1,6,5,,2,1;6,AllFiveDisagree
MW205375,6,6,8,8,6,5,,2,6;8,AllFiveDisagree
MW205506,3,3,3,3,2,5,,2,2;3,AllFiveDisagree
PP484803,2,2,2,2,7,5,,2,2;7,AllFiveDisagree
PQ110140,4,4,2,2,,4,GenBank,2,2;4,AvailableCallsDisagree
PQ110197,1,1,4,4,,4,GenBank,2,1;4,AvailableCallsDisagree
PQ110203,4,4,2,2,,4,GenBank,2,2;4,AvailableCallsDisagree
MN628580,1,1,1,1,3,5,,2,1;3,AllFiveDisagree
MN628581,3,3,3,3,1,5,,2,1;3,AllFiveDisagree
MN895099,1,1,1,1,2,5,,2,1;2,AllFiveDisagree
MN895111,2,2,2,2,4,5,,2,2;4,AllFiveDisagree
MT032266,6,6,8,8,6,5,,2,6;8,AllFiveDisagree
MT032267,6,6,1,1,6,5,,2,1;6,AllFiveDisagree
MT032269,6,6,8,8,6,5,,2,6;8,AllFiveDisagree
MT032270,6,6,8,8,6,5,,2,6;8,AllFiveDisagree
MT032272,6,6,8,8,6,5,,2,6;8,AllFiveDisagree
MT032273,6,6,1,1,6,5,,2,1;6,AllFiveDisagree
MT032275,6,6,8,8,6,5,,2,6;8,AllFiveDisagree
MT032276,6,6,8,8,6,5,,2,6;8,AllFiveDisagree
MT032278,6,6,8,8,6,5,,2,6;8,AllFiveDisagree
MT032279,6,6,8,8,6,5,,2,6;8,AllFiveDisagree
MT032280,6,6,8,8,6,5,,2,6;8,AllFiveDisagree
PQ666864,1,1,5,5,5,5,,2,1;5,AllFiveDisagree
PQ666867,1,1,5,5,5,5,,2,1;5,AllFiveDisagree
MK252834,6,6,8,8,,4,GenBank,2,6;8,AvailableCallsDisagree
MK252839,6,6,1,1,,4,GenBank,2,1;6,AvailableCallsDisagree
MK252847,6,6,8,8,,4,GenBank,2,6;8,AvailableCallsDisagree
MK252854,6,6,8,8,,4,GenBank,2,6;8,AvailableCallsDisagree
MK252858,6,6,8,8,,4,GenBank,2,6;8,AvailableCallsDisagree
MK252866,6,6,8,8,,4,GenBank,2,6;8,AvailableCallsDisagree
MK252867,6,6,1,1,,4,GenBank,2,1;6,AvailableCallsDisagree
MK252869,6,6,8,8,,4,GenBank,2,6;8,AvailableCallsDisagree
MK252870,6,6,8,8,,4,GenBank,2,6;8,AvailableCallsDisagree
MK252872,6,6,8,8,,4,GenBank,2,6;8,AvailableCallsDisagree
MK252881,6,6,8,8,,4,GenBank,2,6;8,AvailableCallsDisagree
MK252888,6,6,8,8,,4,GenBank,2,6;8,AvailableCallsDisagree
MK327993,1,4,6,6,6,5,,3,1;4;6,AllFiveDisagree
MK327994,6,6,8,6,6,5,,2,6;8,AllFiveDisagree
MK328008,6,6,8,6,6,5,,2,6;8,AllFiveDisagree
MK328012,1,6,6,6,6,5,,2,1;6,AllFiveDisagree
MK436298,6,6,1,1,,4,GenBank,2,1;6,AvailableCallsDisagree
MK436356,6,6,1,1,,4,GenBank,2,1;6,AvailableCallsDisagree
MK437951,6,6,8,8,6,5,,2,6;8,AllFiveDisagree
MK437955,6,6,8,8,6,5,,2,6;8,AllFiveDisagree
MK437957,6,6,1,1,6,5,,2,1;6,AllFiveDisagree
MK437962,6,6,1,1,6,5,,2,1;6,AllFiveDisagree
MK437979,6,6,8,8,6,5,,2,6;8,AllFiveDisagree
MK437984,6,6,1,1,6,5,,2,1;6,AllFiveDisagree
MK437985,6,6,1,1,6,5,,2,1;6,AllFiveDisagree
MK437986,6,6,8,8,6,5,,2,6;8,AllFiveDisagree
MK437988,6,6,8,8,6,5,,2,6;8,AllFiveDisagree
MK437994,6,6,8,8,6,5,,2,6;8,AllFiveDisagree
MK437995,6,6,1,1,6,5,,2,1;6,AllFiveDisagree
MK437997,6,6,8,8,6,5,,2,6;8,AllFiveDisagree
MK438002,6,6,8,8,6,5,,2,6;8,AllFiveDisagree
MK438013,6,6,8,8,6,5,,2,6;8,AllFiveDisagree
MK438024,6,6,8,8,6,5,,2,6;8,AllFiveDisagree
MK438037,6,6,8,8,6,5,,2,6;8,AllFiveDisagree
MK438049,6,6,8,8,6,5,,2,6;8,AllFiveDisagree
MK438052,6,6,8,8,6,5,,2,6;8,AllFiveDisagree
MK438073,6,6,8,8,6,5,,2,6;8,AllFiveDisagree
MK438074,6,6,1,1,6,5,,2,1;6,AllFiveDisagree
MK438076,6,6,7,7,6,5,,2,6;7,AllFiveDisagree
MK438106,6,6,1,1,6,5,,2,1;6,AllFiveDisagree
MK438108,6,6,8,8,6,5,,2,6;8,AllFiveDisagree
MK438115,6,6,1,1,6,5,,2,1;6,AllFiveDisagree
MK438118,6,6,1,1,6,5,,2,1;6,AllFiveDisagree
MK438135,6,6,8,8,6,5,,2,6;8,AllFiveDisagree
MK438145,6,6,8,8,6,5,,2,6;8,AllFiveDisagree
MK438152,6,6,8,8,6,5,,2,6;8,AllFiveDisagree
MK438160,6,6,8,8,6,5,,2,6;8,AllFiveDisagree
MK438163,6,6,8,8,6,5,,2,6;8,AllFiveDisagree
MK438176,6,6,8,8,6,5,,2,6;8,AllFiveDisagree
MK438192,6,6,8,8,6,5,,2,6;8,AllFiveDisagree
MK438204,6,6,8,8,6,5,,2,6;8,AllFiveDisagree
MK438223,6,6,8,8,6,5,,2,6;8,AllFiveDisagree
MK438225,6,6,8,8,6,5,,2,6;8,AllFiveDisagree
MK438228,6,6,8,8,6,5,,2,6;8,AllFiveDisagree
MK438240,6,6,7,7,6,5,,2,6;7,AllFiveDisagree
MK438247,6,6,1,1,6,5,,2,1;6,AllFiveDisagree
MK438253,6,6,8,8,6,5,,2,6;8,AllFiveDisagree
MK438255,6,6,1,1,6,5,,2,1;6,AllFiveDisagree
MK438265,6,6,1,1,6,5,,2,1;6,AllFiveDisagree
MK438288,6,6,1,1,6,5,,2,1;6,AllFiveDisagree
MK438305,6,6,3,3,6,5,,2,3;6,AllFiveDisagree
MK438307,6,6,8,8,6,5,,2,6;8,AllFiveDisagree
MK438310,6,6,8,8,6,5,,2,6;8,AllFiveDisagree
MK438316,6,6,1,1,6,5,,2,1;6,AllFiveDisagree
MK438323,6,6,1,1,6,5,,2,1;6,AllFiveDisagree
MK438324,6,4,8,8,6,5,,3,4;6;8,AllFiveDisagree
MK438348,6,6,3,3,6,5,,2,3;6,AllFiveDisagree
MK438349,6,6,8,8,6,5,,2,6;8,AllFiveDisagree
MK438363,6,6,8,8,6,5,,2,6;8,AllFiveDisagree
MK438364,6,6,8,8,6,5,,2,6;8,AllFiveDisagree
MK438366,6,6,1,1,6,5,,2,1;6,AllFiveDisagree
MK438369,6,6,8,8,6,5,,2,6;8,AllFiveDisagree
MK438373,6,6,1,1,6,5,,2,1;6,AllFiveDisagree
MK438379,6,6,1,1,6,5,,2,1;6,AllFiveDisagree
MK438389,6,6,8,8,6,5,,2,6;8,AllFiveDisagree
MK438396,6,6,8,8,6,5,,2,6;8,AllFiveDisagree
MK438400,6,6,7,7,6,5,,2,6;7,AllFiveDisagree
MK438407,6,6,8,8,6,5,,2,6;8,AllFiveDisagree
MK438419,3,3,6,6,6,5,,2,3;6,AllFiveDisagree
MK438423,6,6,8,8,6,5,,2,6;8,AllFiveDisagree
MK438424,6,6,8,8,6,5,,2,6;8,AllFiveDisagree
MK438427,6,6,8,8,6,5,,2,6;8,AllFiveDisagree
MK438448,6,6,8,8,6,5,,2,6;8,AllFiveDisagree
MK438468,6,6,1,1,6,5,,2,1;6,AllFiveDisagree
MK438490,6,6,1,1,6,5,,2,1;6,AllFiveDisagree
MK438499,6,6,8,8,6,5,,2,6;8,AllFiveDisagree
MK438505,6,6,8,8,6,5,,2,6;8,AllFiveDisagree
MK438509,6,6,8,8,6,5,,2,6;8,AllFiveDisagree
MK438519,6,6,8,8,6,5,,2,6;8,AllFiveDisagree
MK438522,6,6,3,3,6,5,,2,3;6,AllFiveDisagree
MK438530,6,6,1,1,6,5,,2,1;6,AllFiveDisagree
MK438541,6,6,1,1,6,5,,2,1;6,AllFiveDisagree
MK438544,6,6,8,8,6,5,,2,6;8,AllFiveDisagree
MK438547,6,6,8,8,6,5,,2,6;8,AllFiveDisagree
MK438549,6,6,8,8,6,5,,2,6;8,AllFiveDisagree
MK438552,6,6,8,8,6,5,,2,6;8,AllFiveDisagree
MK438559,6,6,3,3,6,5,,2,3;6,AllFiveDisagree
MK438573,6,6,8,8,6,5,,2,6;8,AllFiveDisagree
MK438584,6,6,8,8,6,5,,2,6;8,AllFiveDisagree
MK438585,6,6,8,8,6,5,,2,6;8,AllFiveDisagree
MK438586,6,6,1,1,6,5,,2,1;6,AllFiveDisagree
MK438595,6,6,1,1,6,5,,2,1;6,AllFiveDisagree
MK438620,6,6,8,8,6,5,,2,6;8,AllFiveDisagree
MK438626,6,6,7,7,6,5,,2,6;7,AllFiveDisagree
MK438628,6,6,8,8,6,5,,2,6;8,AllFiveDisagree
MK438631,6,6,8,8,6,5,,2,6;8,AllFiveDisagree
MK438636,6,6,8,8,6,5,,2,6;8,AllFiveDisagree
MK438653,6,6,8,8,6,5,,2,6;8,AllFiveDisagree
MK438657,6,6,8,8,6,5,,2,6;8,AllFiveDisagree
MK438700,6,6,8,8,6,5,,2,6;8,AllFiveDisagree
MK438706,6,6,3,3,6,5,,2,3;6,AllFiveDisagree
MK438713,6,6,3,3,6,5,,2,3;6,AllFiveDisagree
MK438723,6,6,8,8,6,5,,2,6;8,AllFiveDisagree
MK438724,6,6,8,8,6,5,,2,6;8,AllFiveDisagree
MK438731,6,6,1,1,6,5,,2,1;6,AllFiveDisagree
MK438740,6,6,8,8,6,5,,2,6;8,AllFiveDisagree
MK438750,6,6,1,1,6,5,,2,1;6,AllFiveDisagree
MK438751,6,6,1,1,6,5,,2,1;6,AllFiveDisagree
MK438760,6,6,8,8,6,5,,2,6;8,AllFiveDisagree
MK438770,6,6,8,8,6,5,,2,6;8,AllFiveDisagree
MK438772,6,6,8,8,6,5,,2,6;8,AllFiveDisagree
MK438773,6,6,1,1,6,5,,2,1;6,AllFiveDisagree
MK438784,6,6,8,8,6,5,,2,6;8,AllFiveDisagree
MK438787,6,6,1,1,6,5,,2,1;6,AllFiveDisagree
MK438790,6,6,8,8,6,5,,2,6;8,AllFiveDisagree
MK438791,6,6,1,1,6,5,,2,1;6,AllFiveDisagree
MK438803,6,6,8,8,6,5,,2,6;8,AllFiveDisagree
MK438804,6,6,8,8,6,5,,2,6;8,AllFiveDisagree
MK438810,6,6,1,1,6,5,,2,1;6,AllFiveDisagree
MK438832,6,6,1,1,6,5,,2,1;6,AllFiveDisagree
MK438840,6,6,1,1,6,5,,2,1;6,AllFiveDisagree
MK438844,6,6,8,8,6,5,,2,6;8,AllFiveDisagree
MK438848,6,6,8,8,6,5,,2,6;8,AllFiveDisagree
MK438852,6,6,8,8,6,5,,2,6;8,AllFiveDisagree
MK438853,6,6,7,7,6,5,,2,6;7,AllFiveDisagree
MK438857,6,6,3,3,6,5,,2,3;6,AllFiveDisagree
MK438867,6,6,8,8,6,5,,2,6;8,AllFiveDisagree
MK438868,6,6,8,8,6,5,,2,6;8,AllFiveDisagree
MK438874,6,6,1,1,6,5,,2,1;6,AllFiveDisagree
MK438882,6,6,1,1,6,5,,2,1;6,AllFiveDisagree
MK438883,6,6,1,1,6,5,,2,1;6,AllFiveDisagree
MK438886,6,6,1,1,6,5,,2,1;6,AllFiveDisagree
MK438894,6,6,8,8,6,5,,2,6;8,AllFiveDisagree
MK438900,6,6,1,1,6,5,,2,1;6,AllFiveDisagree
MK438907,6,6,8,8,6,5,,2,6;8,AllFiveDisagree
MK438912,6,6,3,3,6,5,,2,3;6,AllFiveDisagree
MK438932,6,6,1,1,6,5,,2,1;6,AllFiveDisagree
MK438933,6,6,8,8,6,5,,2,6;8,AllFiveDisagree
MK438941,6,6,1,1,6,5,,2,1;6,AllFiveDisagree
MK438942,6,6,8,8,6,5,,2,6;8,AllFiveDisagree
MK438945,6,6,8,8,6,5,,2,6;8,AllFiveDisagree
MK438946,6,6,1,1,6,5,,2,1;6,AllFiveDisagree
MK438959,6,6,8,8,6,5,,2,6;8,AllFiveDisagree
MK438960,6,6,1,1,6,5,,2,1;6,AllFiveDisagree
MK438966,6,6,8,8,6,5,,2,6;8,AllFiveDisagree
MK438969,6,6,8,8,6,5,,2,6;8,AllFiveDisagree
MK438970,6,6,1,1,6,5,,2,1;6,AllFiveDisagree
MK438972,6,6,8,8,6,5,,2,6;8,AllFiveDisagree
MK438974,6,6,1,1,6,5,,2,1;6,AllFiveDisagree
MK438989,6,6,1,1,6,5,,2,1;6,AllFiveDisagree
MK438999,6,6,8,8,6,5,,2,6;8,AllFiveDisagree
MK439003,6,6,8,8,6,5,,2,6;8,AllFiveDisagree
MK439007,6,6,8,8,6,5,,2,6;8,AllFiveDisagree
MK439009,6,6,1,1,6,5,,2,1;6,AllFiveDisagree
MK439010,6,6,3,3,6,5,,2,3;6,AllFiveDisagree
MK439016,6,6,8,8,6,5,,2,6;8,AllFiveDisagree
MK439024,6,6,1,1,6,5,,2,1;6,AllFiveDisagree
MK439049,6,6,8,8,6,5,,2,6;8,AllFiveDisagree
MK439056,6,6,1,1,6,5,,2,1;6,AllFiveDisagree
MK439063,6,6,8,8,6,5,,2,6;8,AllFiveDisagree
MK439071,6,6,1,1,6,5,,2,1;6,AllFiveDisagree
MK439074,6,6,8,8,6,5,,2,6;8,AllFiveDisagree
MK439084,6,6,1,1,6,5,,2,1;6,AllFiveDisagree
MK439088,6,6,1,1,6,5,,2,1;6,AllFiveDisagree
MK439092,6,6,8,8,6,5,,2,6;8,AllFiveDisagree
MK439102,6,6,8,8,6,5,,2,6;8,AllFiveDisagree
MK439111,6,6,1,1,6,5,,2,1;6,AllFiveDisagree
MK439116,6,6,1,1,6,5,,2,1;6,AllFiveDisagree
MK439118,6,6,8,8,6,5,,2,6;8,AllFiveDisagree
MK439127,6,6,8,8,6,5,,2,6;8,AllFiveDisagree
MK439128,6,6,1,1,6,5,,2,1;6,AllFiveDisagree
MK439130,6,6,8,8,6,5,,2,6;8,AllFiveDisagree
MK439131,6,6,8,8,6,5,,2,6;8,AllFiveDisagree
MK439139,6,6,8,8,6,5,,2,6;8,AllFiveDisagree
MK439143,6,6,8,8,6,5,,2,6;8,AllFiveDisagree
MK439144,6,6,1,1,6,5,,2,1;6,AllFiveDisagree
MK439147,6,6,7,7,6,5,,2,6;7,AllFiveDisagree
MK439155,6,6,8,8,6,5,,2,6;8,AllFiveDisagree
MK439159,6,6,8,8,6,5,,2,6;8,AllFiveDisagree
MK439169,6,6,1,1,6,5,,2,1;6,AllFiveDisagree
MK439177,6,6,7,7,6,5,,2,6;7,AllFiveDisagree
MK439179,6,6,8,8,6,5,,2,6;8,AllFiveDisagree
MK439180,6,6,1,1,6,5,,2,1;6,AllFiveDisagree
MK439183,6,6,1,1,6,5,,2,1;6,AllFiveDisagree
MK439191,6,6,8,8,6,5,,2,6;8,AllFiveDisagree
MK439207,6,6,1,1,6,5,,2,1;6,AllFiveDisagree
MK439215,6,6,8,8,6,5,,2,6;8,AllFiveDisagree
MK439220,6,6,8,8,6,5,,2,6;8,AllFiveDisagree
MK439225,6,6,1,1,6,5,,2,1;6,AllFiveDisagree
MK439228,6,6,8,8,6,5,,2,6;8,AllFiveDisagree
MK439250,3,3,6,6,6,5,,2,3;6,AllFiveDisagree
MK439251,6,6,8,8,6,5,,2,6;8,AllFiveDisagree
MK439257,6,6,8,8,6,5,,2,6;8,AllFiveDisagree
MK439278,6,6,8,8,6,5,,2,6;8,AllFiveDisagree
MK439281,6,6,1,1,6,5,,2,1;6,AllFiveDisagree
MK439282,6,6,8,8,6,5,,2,6;8,AllFiveDisagree
MK439283,6,6,8,8,6,5,,2,6;8,AllFiveDisagree
MK439284,6,6,3,3,6,5,,2,3;6,AllFiveDisagree
MK439285,6,6,2,2,6,5,,2,2;6,AllFiveDisagree
MK439287,6,6,8,8,6,5,,2,6;8,AllFiveDisagree
MK439302,6,6,8,8,6,5,,2,6;8,AllFiveDisagree
MK439304,6,6,8,8,6,5,,2,6;8,AllFiveDisagree
MK439308,6,6,8,8,6,5,,2,6;8,AllFiveDisagree
MK439320,6,6,8,8,6,5,,2,6;8,AllFiveDisagree
MK439321,6,6,8,8,6,5,,2,6;8,AllFiveDisagree
MK439329,6,6,8,8,6,5,,2,6;8,AllFiveDisagree
MK439331,6,6,3,3,6,5,,2,3;6,AllFiveDisagree
MK439337,6,6,1,1,6,5,,2,1;6,AllFiveDisagree
MK439340,6,6,8,8,6,5,,2,6;8,AllFiveDisagree
MK439343,6,6,3,3,6,5,,2,3;6,AllFiveDisagree
MK439361,6,6,1,1,6,5,,2,1;6,AllFiveDisagree
MK439362,6,6,8,8,6,5,,2,6;8,AllFiveDisagree
MK439365,6,6,7,7,6,5,,2,6;7,AllFiveDisagree
MK439371,6,6,8,8,6,5,,2,6;8,AllFiveDisagree
MK527322,1,1,1,1,2,5,,2,1;2,AllFiveDisagree
MK527334,1,1,1,1,2,5,,2,1;2,AllFiveDisagree
MK527338,1,1,1,1,2,5,,2,1;2,AllFiveDisagree
MK527341,1,1,1,1,2,5,,2,1;2,AllFiveDisagree
MK527346,1,1,1,1,2,5,,2,1;2,AllFiveDisagree
MK527348,1,1,1,1,2,5,,2,1;2,AllFiveDisagree
MK527351,1,1,1,1,2,5,,2,1;2,AllFiveDisagree
MK527354,1,1,1,1,2,5,,2,1;2,AllFiveDisagree
MK527364,1,1,1,1,2,5,,2,1;2,AllFiveDisagree
MK527367,1,1,1,1,2,5,,2,1;2,AllFiveDisagree
MK527370,1,1,1,1,2,5,,2,1;2,AllFiveDisagree
MK527375,1,1,1,1,2,5,,2,1;2,AllFiveDisagree
MK527378,1,1,1,1,2,5,,2,1;2,AllFiveDisagree
MK527381,1,1,1,1,2,5,,2,1;2,AllFiveDisagree
MK527384,1,1,1,1,2,5,,2,1;2,AllFiveDisagree
MK527387,1,1,1,1,2,5,,2,1;2,AllFiveDisagree
MK527390,1,1,1,1,2,5,,2,1;2,AllFiveDisagree
MK527393,1,1,1,1,2,5,,2,1;2,AllFiveDisagree
MK527396,1,1,1,1,2,5,,2,1;2,AllFiveDisagree
MK527399,1,1,1,1,2,5,,2,1;2,AllFiveDisagree
MK527402,1,1,1,1,2,5,,2,1;2,AllFiveDisagree
MK527405,1,1,1,1,2,5,,2,1;2,AllFiveDisagree
MK527408,1,1,1,1,2,5,,2,1;2,AllFiveDisagree
MK527411,1,1,1,1,2,5,,2,1;2,AllFiveDisagree
MK527414,1,1,1,1,2,5,,2,1;2,AllFiveDisagree
MK527417,1,1,1,1,2,5,,2,1;2,AllFiveDisagree
MK527420,1,1,1,1,2,5,,2,1;2,AllFiveDisagree
MK527428,1,1,1,1,2,5,,2,1;2,AllFiveDisagree
MK527431,1,1,1,1,2,5,,2,1;2,AllFiveDisagree
MK527434,1,1,1,1,2,5,,2,1;2,AllFiveDisagree
MK527436,1,1,1,1,2,5,,2,1;2,AllFiveDisagree
MK527445,1,1,1,1,2,5,,2,1;2,AllFiveDisagree
MK527450,1,1,1,1,2,5,,2,1;2,AllFiveDisagree
MK527456,1,1,1,1,2,5,,2,1;2,AllFiveDisagree
MK527459,1,1,1,1,2,5,,2,1;2,AllFiveDisagree
MK527508,,1,1,1,2,4,CometFullSeq,2,1;2,AvailableCallsDisagree
MK527509,,1,1,1,2,4,CometFullSeq,2,1;2,AvailableCallsDisagree
MK548362,,1,1,1,2,4,CometFullSeq,2,1;2,AvailableCallsDisagree
MK548363,,1,1,1,2,4,CometFullSeq,2,1;2,AvailableCallsDisagree
MK548364,,1,1,1,2,4,CometFullSeq,2,1;2,AvailableCallsDisagree
MK548365,,1,1,1,2,4,CometFullSeq,2,1;2,AvailableCallsDisagree
MK548366,,1,1,1,2,4,CometFullSeq,2,1;2,AvailableCallsDisagree
MK548367,,1,1,1,2,4,CometFullSeq,2,1;2,AvailableCallsDisagree
MK548368,,1,1,1,2,4,CometFullSeq,2,1;2,AvailableCallsDisagree
MK548369,,1,1,1,2,4,CometFullSeq,2,1;2,AvailableCallsDisagree
MF986829,2,3,3,3,,4,GenBank,2,2;3,AvailableCallsDisagree
MF986939,6,6,1,1,,4,GenBank,2,1;6,AvailableCallsDisagree
MF986940,6,6,1,1,,4,GenBank,2,1;6,AvailableCallsDisagree
MF986947,6,6,1,1,,4,GenBank,2,1;6,AvailableCallsDisagree
PP164867,6,6,1,1,6,5,,2,1;6,AllFiveDisagree
PP164868,6,6,1,1,6,5,,2,1;6,AllFiveDisagree
PP164869,6,6,1,1,6,5,,2,1;6,AllFiveDisagree
PP164870,6,6,1,1,6,5,,2,1;6,AllFiveDisagree
PP164871,6,6,1,1,6,5,,2,1;6,AllFiveDisagree
PP164872,6,6,1,1,6,5,,2,1;6,AllFiveDisagree
PP164873,6,6,1,1,6,5,,2,1;6,AllFiveDisagree
PP164874,6,6,1,1,6,5,,2,1;6,AllFiveDisagree
PP164908,6,6,1,1,6,5,,2,1;6,AllFiveDisagree
PP164962,6,6,1,1,6,5,,2,1;6,AllFiveDisagree
PP092205,6,3,8,8,,4,GenBank,3,3;6;8,AvailableCallsDisagree
PP092206,6,3,8,8,,4,GenBank,3,3;6;8,AvailableCallsDisagree
PP092207,6,6,5,6,,4,GenBank,2,5;6,AvailableCallsDisagree
PP092208,6,3,8,8,,4,GenBank,3,3;6;8,AvailableCallsDisagree
MG878999,1,6,6,6,,4,GenBank,2,1;6,AvailableCallsDisagree
MH192045,6,6,8,8,6,5,,2,6;8,AllFiveDisagree
MH192060,6,6,1,1,6,5,,2,1;6,AllFiveDisagree
MH192069,6,6,1,1,6,5,,2,1;6,AllFiveDisagree
MH192090,2,2,2,2,3,5,,2,2;3,AllFiveDisagree
MH192111,6,6,1,1,6,5,,2,1;6,AllFiveDisagree
MH192112,6,6,1,1,6,5,,2,1;6,AllFiveDisagree
MH192120,6,6,8,8,6,5,,2,6;8,AllFiveDisagree
MH192159,6,6,1,1,6,5,,2,1;6,AllFiveDisagree
MH192177,6,6,1,1,6,5,,2,1;6,AllFiveDisagree
MH192201,1,1,1,1,6,5,,2,1;6,AllFiveDisagree
MH192208,6,6,1,1,6,5,,2,1;6,AllFiveDisagree
MH192266,6,6,8,8,6,5,,2,6;8,AllFiveDisagree
MH192279,6,6,1,1,6,5,,2,1;6,AllFiveDisagree
MH192281,6,6,7,7,6,5,,2,6;7,AllFiveDisagree
MH192308,6,6,1,1,6,5,,2,1;6,AllFiveDisagree
MH298133,6,6,7,7,6,5,,2,6;7,AllFiveDisagree
MH298134,6,6,7,7,6,5,,2,6;7,AllFiveDisagree
MH298136,6,6,8,8,6,5,,2,6;8,AllFiveDisagree
MH298137,4,4,8,8,6,5,,3,4;6;8,AllFiveDisagree
MH298138,6,6,7,7,6,5,,2,6;7,AllFiveDisagree
MH298139,6,6,1,1,6,5,,2,1;6,AllFiveDisagree
MH298141,6,6,7,7,6,5,,2,6;7,AllFiveDisagree
MH298142,6,6,7,7,6,5,,2,6;7,AllFiveDisagree
MH298143,6,6,8,8,6,5,,2,6;8,AllFiveDisagree
MH298144,6,6,8,8,6,5,,2,6;8,AllFiveDisagree
MH298145,6,6,7,7,6,5,,2,6;7,AllFiveDisagree
MH298149,6,6,8,8,6,5,,2,6;8,AllFiveDisagree
MH298150,6,6,1,1,6,5,,2,1;6,AllFiveDisagree
MH298152,6,6,7,7,6,5,,2,6;7,AllFiveDisagree
MH298153,6,6,7,7,6,5,,2,6;7,AllFiveDisagree
MH298155,6,6,8,8,6,5,,2,6;8,AllFiveDisagree
MH298156,6,6,7,7,6,5,,2,6;7,AllFiveDisagree
MH298158,6,6,8,8,6,5,,2,6;8,AllFiveDisagree
MH298159,6,6,8,8,6,5,,2,6;8,AllFiveDisagree
MH298162,6,6,8,8,6,5,,2,6;8,AllFiveDisagree
MH298164,6,6,7,7,6,5,,2,6;7,AllFiveDisagree
MH298167,4,4,8,8,6,5,,3,4;6;8,AllFiveDisagree
MH298170,6,6,1,1,6,5,,2,1;6,AllFiveDisagree
MH298175,6,6,1,1,6,5,,2,1;6,AllFiveDisagree
MH298176,6,6,1,1,6,5,,2,1;6,AllFiveDisagree
MH298178,6,6,8,8,6,5,,2,6;8,AllFiveDisagree
MH298179,6,6,3,3,6,5,,2,3;6,AllFiveDisagree
MH298182,6,6,8,8,6,5,,2,6;8,AllFiveDisagree
MH298184,6,6,7,7,6,5,,2,6;7,AllFiveDisagree
MH298185,6,6,8,8,6,5,,2,6;8,AllFiveDisagree
MH298186,6,6,7,7,6,5,,2,6;7,AllFiveDisagree
MH298187,6,6,1,1,6,5,,2,1;6,AllFiveDisagree
MH298189,6,6,8,8,6,5,,2,6;8,AllFiveDisagree
MH298190,6,6,8,8,6,5,,2,6;8,AllFiveDisagree
MH590698,,6,8,8,8,4,CometFullSeq,2,6;8,AvailableCallsDisagree
MH590699,,6,8,8,8,4,CometFullSeq,2,6;8,AvailableCallsDisagree
MH590700,,2,8,8,8,4,CometFullSeq,2,2;8,AvailableCallsDisagree
MH590701,,6,8,8,8,4,CometFullSeq,2,6;8,AvailableCallsDisagree
MH607770,3,3,3,3,4,5,,2,3;4,AllFiveDisagree
MH940292,3,3,7,7,7,5,,2,3;7,AllFiveDisagree
D17494,6,6,7,7,,4,GenBank,2,6;7,AvailableCallsDisagree
D84263,6,6,8,6,,4,GenBank,2,6;8,AvailableCallsDisagree
DQ001201,3,3,3,3,1,5,,2,1;3,AllFiveDisagree
DQ155521,6,6,1,1,,4,GenBank,2,1;6,AvailableCallsDisagree
DQ155526,6,6,7,7,,4,GenBank,2,6;7,AvailableCallsDisagree
DQ155541,6,6,8,8,,4,GenBank,2,6;8,AvailableCallsDisagree
DQ155542,6,6,8,8,,4,GenBank,2,6;8,AvailableCallsDisagree
DQ155551,6,6,7,7,,4,GenBank,2,6;7,AvailableCallsDisagree
DQ155560,,6,2,6,2,4,CometFullSeq,2,2;6,AvailableCallsDisagree
DQ179117,6,6,3,3,6,5,,2,3;6,AllFiveDisagree
DQ220945,4,4,2,2,2,5,,2,2;4,AllFiveDisagree
DQ333662,3,3,3,3,5,5,,2,3;5,AllFiveDisagree
DQ364460,,1,1,1,2,4,CometFullSeq,2,1;2,AvailableCallsDisagree
DQ417439,1,1,1,1,2,5,,2,1;2,AllFiveDisagree
DQ417440,1,1,1,1,2,5,,2,1;2,AllFiveDisagree
DQ417441,1,1,1,1,2,5,,2,1;2,AllFiveDisagree
DQ417442,1,1,1,1,2,5,,2,1;2,AllFiveDisagree
DQ417443,1,1,1,1,2,5,,2,1;2,AllFiveDisagree
DQ417444,1,1,1,1,2,5,,2,1;2,AllFiveDisagree
DQ417445,1,1,1,1,2,5,,2,1;2,AllFiveDisagree
DQ417446,1,1,1,1,2,5,,2,1;2,AllFiveDisagree
DQ417447,1,1,1,1,2,5,,2,1;2,AllFiveDisagree
DQ417448,1,1,1,1,2,5,,2,1;2,AllFiveDisagree
DQ417449,1,1,1,1,2,5,,2,1;2,AllFiveDisagree
DQ417450,1,1,1,1,2,5,,2,1;2,AllFiveDisagree
DQ417451,1,1,1,1,2,5,,2,1;2,AllFiveDisagree
DQ417452,1,1,1,1,2,5,,2,1;2,AllFiveDisagree
DQ640366,6,6,1,1,,4,GenBank,2,1;6,AvailableCallsDisagree
DQ640367,6,6,1,1,,4,GenBank,2,1;6,AvailableCallsDisagree
DQ835767,6,6,8,6,6,5,,2,6;8,AllFiveDisagree
EF026073,2,5,5,5,,4,GenBank,2,2;5,AvailableCallsDisagree
EF116170,6,6,1,1,6,5,,2,1;6,AllFiveDisagree
EF116175,6,6,1,1,6,5,,2,1;6,AllFiveDisagree
EF116176,6,6,8,8,6,5,,2,6;8,AllFiveDisagree
EF116177,6,6,8,8,6,5,,2,6;8,AllFiveDisagree
EF116179,6,6,1,1,6,5,,2,1;6,AllFiveDisagree
EF116182,6,6,8,8,6,5,,2,6;8,AllFiveDisagree
EF116183,6,6,8,8,6,5,,2,6;8,AllFiveDisagree
EF116186,6,6,1,1,6,5,,2,1;6,AllFiveDisagree
EF116191,6,6,3,3,6,5,,2,3;6,AllFiveDisagree
EF116198,6,6,8,8,6,5,,2,6;8,AllFiveDisagree
EF116201,3,3,7,7,7,5,,2,3;7,AllFiveDisagree
EF175837,6,6,7,7,6,5,,2,6;7,AllFiveDisagree
EU123123,1,1,1,1,2,5,,2,1;2,AllFiveDisagree
EU123125,1,1,1,1,2,5,,2,1;2,AllFiveDisagree
EU123132,1,1,1,1,2,5,,2,1;2,AllFiveDisagree
EU123133,1,1,1,1,2,5,,2,1;2,AllFiveDisagree
EU123134,1,1,1,1,2,5,,2,1;2,AllFiveDisagree
EU123137,1,1,1,1,2,5,,2,1;2,AllFiveDisagree
EU123145,1,1,1,1,2,5,,2,1;2,AllFiveDisagree
EU123146,1,1,1,1,2,5,,2,1;2,AllFiveDisagree
EU123147,1,1,1,1,2,5,,2,1;2,AllFiveDisagree
EU123152,1,1,1,1,2,5,,2,1;2,AllFiveDisagree
EU123154,1,1,1,1,2,5,,2,1;2,AllFiveDisagree
EU123156,1,1,1,1,2,5,,2,1;2,AllFiveDisagree
EU123158,1,1,1,1,2,5,,2,1;2,AllFiveDisagree
EU123160,1,1,1,1,2,5,,2,1;2,AllFiveDisagree
EU123161,1,1,1,1,2,5,,2,1;2,AllFiveDisagree
EU123166,1,1,1,1,2,5,,2,1;2,AllFiveDisagree
EU123167,1,1,1,1,2,5,,2,1;2,AllFiveDisagree
EU123177,1,1,1,1,2,5,,2,1;2,AllFiveDisagree
EU123180,1,1,1,1,2,5,,2,1;2,AllFiveDisagree
EU123186,1,1,1,1,2,5,,2,1;2,AllFiveDisagree
EU123187,1,1,1,1,2,5,,2,1;2,AllFiveDisagree
EU123189,1,1,1,1,2,5,,2,1;2,AllFiveDisagree
EU123190,1,1,1,1,2,5,,2,1;2,AllFiveDisagree
EU123191,1,1,1,1,2,5,,2,1;2,AllFiveDisagree
EU123192,1,1,1,1,2,5,,2,1;2,AllFiveDisagree
EU123193,1,1,1,1,2,5,,2,1;2,AllFiveDisagree
EU123194,1,1,1,1,2,5,,2,1;2,AllFiveDisagree
EU123195,1,1,1,1,2,5,,2,1;2,AllFiveDisagree
EU123196,1,1,1,1,2,5,,2,1;2,AllFiveDisagree
EU123197,1,1,1,1,2,5,,2,1;2,AllFiveDisagree
EU123198,1,1,1,1,2,5,,2,1;2,AllFiveDisagree
EU123199,1,1,1,1,2,5,,2,1;2,AllFiveDisagree
EU123200,1,1,1,1,2,5,,2,1;2,AllFiveDisagree
EU123201,1,1,1,1,2,5,,2,1;2,AllFiveDisagree
EU123202,1,1,1,1,2,5,,2,1;2,AllFiveDisagree
EU123203,1,1,1,1,2,5,,2,1;2,AllFiveDisagree
EU123204,1,1,1,1,2,5,,2,1;2,AllFiveDisagree
EU123205,1,1,1,1,2,5,,2,1;2,AllFiveDisagree
EU123214,1,1,1,1,2,5,,2,1;2,AllFiveDisagree
EU123216,1,1,1,1,2,5,,2,1;2,AllFiveDisagree
EU123218,1,1,1,1,2,5,,2,1;2,AllFiveDisagree
EU123219,1,1,1,1,2,5,,2,1;2,AllFiveDisagree
EU123225,1,1,1,1,2,5,,2,1;2,AllFiveDisagree
EU123226,1,1,1,1,2,5,,2,1;2,AllFiveDisagree
EU123229,1,1,1,1,2,5,,2,1;2,AllFiveDisagree
EU123230,1,1,1,1,2,5,,2,1;2,AllFiveDisagree
EU123232,1,1,1,1,2,5,,2,1;2,AllFiveDisagree
EU123236,1,1,1,1,2,5,,2,1;2,AllFiveDisagree
EU123238,1,1,1,1,2,5,,2,1;2,AllFiveDisagree
EU123239,1,1,1,1,2,5,,2,1;2,AllFiveDisagree
EU123243,1,1,1,1,2,5,,2,1;2,AllFiveDisagree
EU123245,1,1,1,1,2,5,,2,1;2,AllFiveDisagree
EU123248,1,1,1,1,2,5,,2,1;2,AllFiveDisagree
EU123257,1,1,1,1,2,5,,2,1;2,AllFiveDisagree
EU123261,1,1,1,1,2,5,,2,1;2,AllFiveDisagree
EU123265,1,1,1,1,2,5,,2,1;2,AllFiveDisagree
EU123266,1,1,1,1,2,5,,2,1;2,AllFiveDisagree
EU123268,1,1,1,1,2,5,,2,1;2,AllFiveDisagree
EU123269,1,1,1,1,2,5,,2,1;2,AllFiveDisagree
EU123271,1,1,1,1,2,5,,2,1;2,AllFiveDisagree
EU123273,1,1,1,1,2,5,,2,1;2,AllFiveDisagree
EU123281,1,1,1,1,2,5,,2,1;2,AllFiveDisagree
EU123284,1,1,1,1,2,5,,2,1;2,AllFiveDisagree
EU123285,1,1,1,1,2,5,,2,1;2,AllFiveDisagree
EU123287,1,1,1,1,2,5,,2,1;2,AllFiveDisagree
EU123290,1,1,1,1,2,5,,2,1;2,AllFiveDisagree
EU123294,1,1,1,1,2,5,,2,1;2,AllFiveDisagree
EU123299,1,1,1,1,2,5,,2,1;2,AllFiveDisagree
EU127994,6,6,7,7,6,5,,2,6;7,AllFiveDisagree
OR480623,2,2,2,2,1,5,,2,1;2,AllFiveDisagree
OR497876,,1,1,1,2,4,CometFullSeq,2,1;2,AvailableCallsDisagree
U31276,6,6,1,1,,4,GenBank,2,1;6,AvailableCallsDisagree
OR825162,2,2,2,2,4,5,,2,2;4,AllFiveDisagree
OR825257,4,4,4,4,1,5,,2,1;4,AllFiveDisagree
OR825259,4,4,4,4,1,5,,2,1;4,AllFiveDisagree
OR825260,4,4,4,4,1,5,,2,1;4,AllFiveDisagree
OR825261,1,1,1,1,4,5,,2,1;4,AllFiveDisagree
OR825262,4,4,4,4,1,5,,2,1;4,AllFiveDisagree
OR825263,4,4,4,4,1,5,,2,1;4,AllFiveDisagree
OR825264,1,1,1,1,4,5,,2,1;4,AllFiveDisagree
OR825266,1,1,1,1,4,5,,2,1;4,AllFiveDisagree
OR825269,2,2,2,2,4,5,,2,2;4,AllFiveDisagree
OR825271,4,4,4,4,1,5,,2,1;4,AllFiveDisagree
OR825272,1,1,1,1,2,5,,2,1;2,AllFiveDisagree
OR825273,4,4,4,4,1,5,,2,1;4,AllFiveDisagree
OR825274,4,4,4,4,1,5,,2,1;4,AllFiveDisagree
OR825275,1,1,1,1,4,5,,2,1;4,AllFiveDisagree
OR825276,4,4,4,4,2,5,,2,2;4,AllFiveDisagree
OR825278,1,1,1,1,4,5,,2,1;4,AllFiveDisagree
OR825280,1,1,1,1,4,5,,2,1;4,AllFiveDisagree
OR825281,4,4,4,4,1,5,,2,1;4,AllFiveDisagree
OR825285,4,4,4,4,1,5,,2,1;4,AllFiveDisagree
OR825286,1,1,1,1,4,5,,2,1;4,AllFiveDisagree
AB523257,6,6,1,1,,4,GenBank,2,1;6,AvailableCallsDisagree
AB523259,6,6,1,1,,4,GenBank,2,1;6,AvailableCallsDisagree
AB523289,6,6,1,1,,4,GenBank,2,1;6,AvailableCallsDisagree
AB523290,6,6,1,1,,4,GenBank,2,1;6,AvailableCallsDisagree
AB523312,6,6,8,8,,4,GenBank,2,6;8,AvailableCallsDisagree
AB523332,6,6,8,8,,4,GenBank,2,6;8,AvailableCallsDisagree
AB523339,6,6,8,8,,4,GenBank,2,6;8,AvailableCallsDisagree
AB661826,6,6,1,1,,4,GenBank,2,1;6,AvailableCallsDisagree
AF041323,1,1,2,2,,4,GenBank,2,1;2,AvailableCallsDisagree
AM408911,2,5,5,5,,4,GenBank,2,2;5,AvailableCallsDisagree
AY257430,4,4,2,2,,4,GenBank,2,2;4,AvailableCallsDisagree
AY587235,4,4,1,1,,4,GenBank,2,1;4,AvailableCallsDisagree
AY587236,4,4,1,1,,4,GenBank,2,1;4,AvailableCallsDisagree
AY587237,4,4,1,1,,4,GenBank,2,1;4,AvailableCallsDisagree
AY587238,6,6,1,1,,4,GenBank,2,1;6,AvailableCallsDisagree
AY587239,4,4,2,2,,4,GenBank,2,2;4,AvailableCallsDisagree
AY587240,4,4,2,2,,4,GenBank,2,2;4,AvailableCallsDisagree
AY632153,4,4,4,4,2,5,,2,2;4,AllFiveDisagree
AY654000,3,3,3,3,5,5,,2,3;5,AllFiveDisagree
AY735102,6,6,8,8,,4,GenBank,2,6;8,AvailableCallsDisagree
AY754612,6,6,3,3,,4,GenBank,2,3;6,AvailableCallsDisagree
AY754615,6,6,8,8,,4,GenBank,2,6;8,AvailableCallsDisagree
AY754618,6,6,8,8,,4,GenBank,2,6;8,AvailableCallsDisagree
AY754627,6,6,3,3,,4,GenBank,2,3;6,AvailableCallsDisagree
AY754630,6,6,8,8,,4,GenBank,2,6;8,AvailableCallsDisagree
AY754633,6,6,8,8,,4,GenBank,2,6;8,AvailableCallsDisagree
AY754637,6,6,8,8,,4,GenBank,2,6;8,AvailableCallsDisagree
AY834937,6,6,2,2,,4,GenBank,2,2;6,AvailableCallsDisagree
AY834938,6,6,1,1,,4,GenBank,2,1;6,AvailableCallsDisagree
AY834939,6,6,1,1,,4,GenBank,2,1;6,AvailableCallsDisagree
HE580354,6,6,1,1,,4,GenBank,2,1;6,AvailableCallsDisagree
HE580355,6,6,1,1,,4,GenBank,2,1;6,AvailableCallsDisagree
HE580356,6,6,1,1,,4,GenBank,2,1;6,AvailableCallsDisagree
HE580357,6,6,1,1,,4,GenBank,2,1;6,AvailableCallsDisagree
HE580360,6,6,1,1,,4,GenBank,2,1;6,AvailableCallsDisagree
HE580361,6,6,1,1,,4,GenBank,2,1;6,AvailableCallsDisagree
HE580362,6,6,1,1,,4,GenBank,2,1;6,AvailableCallsDisagree
HE580363,6,6,1,1,,4,GenBank,2,1;6,AvailableCallsDisagree
HE580364,6,6,1,1,,4,GenBank,2,1;6,AvailableCallsDisagree
HE580365,6,6,1,1,,4,GenBank,2,1;6,AvailableCallsDisagree
HE580366,6,6,1,1,,4,GenBank,2,1;6,AvailableCallsDisagree
HE580367,6,6,1,1,,4,GenBank,2,1;6,AvailableCallsDisagree
HE580368,6,6,1,1,,4,GenBank,2,1;6,AvailableCallsDisagree
HE580369,6,6,1,1,,4,GenBank,2,1;6,AvailableCallsDisagree
HE580370,6,6,1,1,,4,GenBank,2,1;6,AvailableCallsDisagree
HE580371,6,6,1,1,,4,GenBank,2,1;6,AvailableCallsDisagree
HE580372,6,6,1,1,,4,GenBank,2,1;6,AvailableCallsDisagree
HE580373,6,6,1,1,,4,GenBank,2,1;6,AvailableCallsDisagree
HE580374,6,6,1,1,,4,GenBank,2,1;6,AvailableCallsDisagree
HE580377,6,6,7,7,,4,GenBank,2,6;7,AvailableCallsDisagree
HE580379,6,6,1,1,,4,GenBank,2,1;6,AvailableCallsDisagree
HE580380,6,6,7,7,,4,GenBank,2,6;7,AvailableCallsDisagree
HE580381,6,6,1,1,,4,GenBank,2,1;6,AvailableCallsDisagree
HE580382,6,6,1,1,,4,GenBank,2,1;6,AvailableCallsDisagree
HE580383,6,6,1,1,,4,GenBank,2,1;6,AvailableCallsDisagree
HE580385,6,6,1,1,,4,GenBank,2,1;6,AvailableCallsDisagree
HE580386,6,6,1,1,,4,GenBank,2,1;6,AvailableCallsDisagree
HE580387,6,6,1,1,,4,GenBank,2,1;6,AvailableCallsDisagree
HE580388,6,6,1,1,,4,GenBank,2,1;6,AvailableCallsDisagree
HE580389,6,6,1,1,,4,GenBank,2,1;6,AvailableCallsDisagree
HE580390,6,6,1,1,,4,GenBank,2,1;6,AvailableCallsDisagree
HE580391,6,6,1,1,,4,GenBank,2,1;6,AvailableCallsDisagree
HE580392,6,6,1,1,,4,GenBank,2,1;6,AvailableCallsDisagree
HE580393,6,6,1,1,,4,GenBank,2,1;6,AvailableCallsDisagree
HE580394,6,6,1,1,,4,GenBank,2,1;6,AvailableCallsDisagree
HE580395,6,6,1,1,,4,GenBank,2,1;6,AvailableCallsDisagree
HE580396,6,6,1,1,,4,GenBank,2,1;6,AvailableCallsDisagree
HE580397,6,6,1,1,,4,GenBank,2,1;6,AvailableCallsDisagree
HE580398,6,6,1,1,,4,GenBank,2,1;6,AvailableCallsDisagree
HE580399,6,6,1,1,,4,GenBank,2,1;6,AvailableCallsDisagree
HE580400,6,6,1,1,,4,GenBank,2,1;6,AvailableCallsDisagree
HE580401,6,6,1,1,,4,GenBank,2,1;6,AvailableCallsDisagree
HE580402,6,6,1,1,,4,GenBank,2,1;6,AvailableCallsDisagree
HE580404,6,6,1,1,,4,GenBank,2,1;6,AvailableCallsDisagree
HE580405,6,6,1,1,,4,GenBank,2,1;6,AvailableCallsDisagree
HE580406,6,6,1,1,,4,GenBank,2,1;6,AvailableCallsDisagree
HE580407,6,6,1,1,,4,GenBank,2,1;6,AvailableCallsDisagree
HE580409,6,6,1,1,,4,GenBank,2,1;6,AvailableCallsDisagree
HE580410,6,6,1,1,,4,GenBank,2,1;6,AvailableCallsDisagree
HE580411,6,6,1,1,,4,GenBank,2,1;6,AvailableCallsDisagree
HE580416,6,6,8,8,,4,GenBank,2,6;8,AvailableCallsDisagree
HE580417,6,6,1,1,,4,GenBank,2,1;6,AvailableCallsDisagree
HE580418,6,6,8,8,,4,GenBank,2,6;8,AvailableCallsDisagree
HE580419,6,6,1,1,,4,GenBank,2,1;6,AvailableCallsDisagree
HM009308,6,6,1,1,6,5,,2,1;6,AllFiveDisagree
HM031218,6,6,8,8,,4,GenBank,2,6;8,AvailableCallsDisagree
HM172592,6,6,2,2,,4,GenBank,2,2;6,AvailableCallsDisagree
HM172593,6,6,7,7,,4,GenBank,2,6;7,AvailableCallsDisagree
HM172594,6,6,2,2,,4,GenBank,2,2;6,AvailableCallsDisagree
HM172595,6,6,2,2,,4,GenBank,2,2;6,AvailableCallsDisagree
HM172596,6,6,1,1,,4,GenBank,2,1;6,AvailableCallsDisagree
HM172597,6,6,7,7,,4,GenBank,2,6;7,AvailableCallsDisagree
HM172598,6,6,1,1,,4,GenBank,2,1;6,AvailableCallsDisagree
HM172600,6,6,2,2,,4,GenBank,2,2;6,AvailableCallsDisagree
HQ229446,6,6,1,1,6,5,,2,1;6,AllFiveDisagree
HQ537005,,1,1,1,2,4,CometFullSeq,2,1;2,AvailableCallsDisagree
HQ537006,,1,1,1,2,4,CometFullSeq,2,1;2,AvailableCallsDisagree
JF779679,,1,1,1,2,4,CometFullSeq,2,1;2,AvailableCallsDisagree
JF824447,3,3,3,3,1,5,,2,1;3,AllFiveDisagree
JF824453,2,2,2,2,3,5,,2,2;3,AllFiveDisagree
JF824466,3,3,3,3,1,5,,2,1;3,AllFiveDisagree
JF824477,3,3,3,3,1,5,,2,1;3,AllFiveDisagree
JN427001,3,3,3,3,1,5,,2,1;3,AllFiveDisagree
JQ038457,3,3,3,3,1,5,,2,1;3,AllFiveDisagree
JQ318415,6,6,8,8,6,5,,2,6;8,AllFiveDisagree
JQ318424,6,6,8,8,6,5,,2,6;8,AllFiveDisagree
JQ318428,6,6,8,8,6,5,,2,6;8,AllFiveDisagree
JQ318450,1,1,1,1,4,5,,2,1;4,AllFiveDisagree
JQ318454,6,6,2,2,6,5,,2,2;6,AllFiveDisagree
JQ318482,6,6,8,8,6,5,,2,6;8,AllFiveDisagree
JQ318530,6,6,3,3,6,5,,2,3;6,AllFiveDisagree
PX376056,1,1,1,1,2,5,,2,1;2,AllFiveDisagree
PX376057,,1,1,1,2,4,CometFullSeq,2,1;2,AvailableCallsDisagree
PX376058,,1,1,1,2,4,CometFullSeq,2,1;2,AvailableCallsDisagree
PX386968,,3,1,3,3,4,CometFullSeq,2,1;3,AvailableCallsDisagree
PX445002,,1,1,1,4,4,CometFullSeq,2,1;4,AvailableCallsDisagree
PX445004,,1,1,1,4,4,CometFullSeq,2,1;4,AvailableCallsDisagree
PX446221,,1,1,1,2,4,CometFullSeq,2,1;2,AvailableCallsDisagree
PX446959,,1,1,1,2,4,CometFullSeq,2,1;2,AvailableCallsDisagree
PX446960,,1,1,1,2,4,CometFullSeq,2,1;2,AvailableCallsDisagree
EU420973,4,4,8,8,6,5,,3,4;6;8,AllFiveDisagree
EU420975,6,6,8,8,6,5,,2,6;8,AllFiveDisagree
EU420983,6,6,1,1,6,5,,2,1;6,AllFiveDisagree
EU420986,6,6,1,1,6,5,,2,1;6,AllFiveDisagree
EU684606,4,4,1,1,,4,GenBank,2,1;4,AvailableCallsDisagree
FJ462853,6,6,2,2,6,5,,2,2;6,AllFiveDisagree
FJ768776,6,6,2,2,6,5,,2,2;6,AllFiveDisagree
FJ791067,4,1,4,4,,4,GenBank,2,1;4,AvailableCallsDisagree
FJ859286,6,6,1,1,6,5,,2,1;6,AllFiveDisagree
FJ859289,6,6,1,1,6,5,,2,1;6,AllFiveDisagree
FJ859295,6,6,1,1,6,5,,2,1;6,AllFiveDisagree
FJ859297,6,6,1,1,6,5,,2,1;6,AllFiveDisagree
FJ859305,6,6,3,3,6,5,,2,3;6,AllFiveDisagree
FJ859316,6,6,1,1,6,5,,2,1;6,AllFiveDisagree
FJ859319,6,6,1,1,6,5,,2,1;6,AllFiveDisagree
FJ859323,6,6,1,1,6,5,,2,1;6,AllFiveDisagree
FJ859325,6,6,1,1,6,5,,2,1;6,AllFiveDisagree
FJ859328,6,6,3,3,6,5,,2,3;6,AllFiveDisagree
FJ859329,6,6,1,1,6,5,,2,1;6,AllFiveDisagree
FJ859331,6,6,8,8,6,5,,2,6;8,AllFiveDisagree
FJ859333,6,6,3,3,6,5,,2,3;6,AllFiveDisagree
GU049364,6,6,7,7,6,5,,2,6;7,AllFiveDisagree
GU049370,6,6,1,1,6,5,,2,1;6,AllFiveDisagree
GU049372,6,6,5,5,6,5,,2,5;6,AllFiveDisagree
GU049376,6,6,8,8,6,5,,2,6;8,AllFiveDisagree
GU049381,6,6,1,1,6,5,,2,1;6,AllFiveDisagree
GU049383,6,6,4,4,6,5,,2,4;6,AllFiveDisagree
GU049388,6,6,4,4,6,5,,2,4;6,AllFiveDisagree
GU049389,6,6,4,4,6,5,,2,4;6,AllFiveDisagree
GU049390,6,6,1,1,6,5,,2,1;6,AllFiveDisagree
GU049393,6,6,1,1,6,5,,2,1;6,AllFiveDisagree
GU049395,6,6,1,1,6,5,,2,1;6,AllFiveDisagree
GU049398,6,6,4,4,6,5,,2,4;6,AllFiveDisagree
JX102881,6,6,7,7,6,5,,2,6;7,AllFiveDisagree
JX102882,6,6,1,1,6,5,,2,1;6,AllFiveDisagree
JX102919,6,6,3,3,6,5,,2,3;6,AllFiveDisagree
JX102929,6,6,1,1,6,5,,2,1;6,AllFiveDisagree
JX102940,6,6,3,3,6,5,,2,3;6,AllFiveDisagree
JX102946,6,6,8,8,6,5,,2,6;8,AllFiveDisagree
JX102967,6,6,8,8,6,5,,2,6;8,AllFiveDisagree
JX103031,6,6,8,8,6,5,,2,6;8,AllFiveDisagree
JX103085,6,6,7,7,6,5,,2,6;7,AllFiveDisagree
JX103121,6,6,8,8,6,5,,2,6;8,AllFiveDisagree
JX103123,6,6,8,8,6,5,,2,6;8,AllFiveDisagree
JX103127,6,6,8,8,6,5,,2,6;8,AllFiveDisagree
JX103130,6,6,8,8,6,5,,2,6;8,AllFiveDisagree
JX103131,6,6,8,8,6,5,,2,6;8,AllFiveDisagree
JX183549,6,6,8,6,6,5,,2,6;8,AllFiveDisagree
JX183554,6,6,8,6,6,5,,2,6;8,AllFiveDisagree
JX677266,4,4,6,6,,4,GenBank,2,4;6,AvailableCallsDisagree
JX677555,3,3,6,6,,4,GenBank,2,3;6,AvailableCallsDisagree
KC118154,3,3,3,3,1,5,,2,1;3,AllFiveDisagree
KC118156,3,3,3,3,1,5,,2,1;3,AllFiveDisagree
KC118157,3,3,3,3,1,5,,2,1;3,AllFiveDisagree
KC118223,1,1,1,1,3,5,,2,1;3,AllFiveDisagree
KF437708,6,6,3,3,6,5,,2,3;6,AllFiveDisagree
KF437709,6,6,3,3,6,5,,2,3;6,AllFiveDisagree
KF437710,6,6,3,3,6,5,,2,3;6,AllFiveDisagree
KF437711,6,6,3,3,6,5,,2,3;6,AllFiveDisagree
KF437712,6,6,3,3,6,5,,2,3;6,AllFiveDisagree
KF437713,6,6,3,3,6,5,,2,3;6,AllFiveDisagree
KF437714,6,6,3,3,6,5,,2,3;6,AllFiveDisagree
KF437715,6,6,2,2,6,5,,2,2;6,AllFiveDisagree
KF437716,6,6,2,2,6,5,,2,2;6,AllFiveDisagree
KF437717,6,6,2,2,6,5,,2,2;6,AllFiveDisagree
KF585672,6,6,1,1,,4,GenBank,2,1;6,AvailableCallsDisagree
KF585674,6,6,1,1,,4,GenBank,2,1;6,AvailableCallsDisagree
KF585719,6,6,1,1,,4,GenBank,2,1;6,AvailableCallsDisagree
OR210481,6,6,1,1,6,5,,2,1;6,AllFiveDisagree
OR210624,6,6,1,1,6,5,,2,1;6,AllFiveDisagree
OR210678,6,6,1,1,6,5,,2,1;6,AllFiveDisagree
OR210766,6,6,1,1,6,5,,2,1;6,AllFiveDisagree
OR210805,6,6,2,2,,4,GenBank,2,2;6,AvailableCallsDisagree
OR210850,6,6,1,1,6,5,,2,1;6,AllFiveDisagree
OR210878,6,6,1,1,6,5,,2,1;6,AllFiveDisagree
OR097220,,,2,2,6,3,CometFullSeq;CometPerGene,2,2;6,AvailableCallsDisagree
KJ470155,4,4,1,1,6,5,,3,1;4;6,AllFiveDisagree
KJ470169,6,6,1,1,6,5,,2,1;6,AllFiveDisagree
KJ470197,6,6,8,8,6,5,,2,6;8,AllFiveDisagree
KJ470202,6,6,1,1,6,5,,2,1;6,AllFiveDisagree
KJ470210,6,6,1,1,6,5,,2,1;6,AllFiveDisagree
KJ470254,6,6,1,1,6,5,,2,1;6,AllFiveDisagree
KJ470262,6,6,1,1,6,5,,2,1;6,AllFiveDisagree
KJ470278,6,6,1,1,6,5,,2,1;6,AllFiveDisagree
KJ470282,6,6,8,8,6,5,,2,6;8,AllFiveDisagree
KJ470285,6,6,3,3,6,5,,2,3;6,AllFiveDisagree
KJ470298,6,6,7,7,6,5,,2,6;7,AllFiveDisagree
KJ470303,6,6,2,2,6,5,,2,2;6,AllFiveDisagree
KJ470312,6,6,8,8,6,5,,2,6;8,AllFiveDisagree
KJ470317,6,6,3,3,6,5,,2,3;6,AllFiveDisagree
KJ470322,6,6,8,8,6,5,,2,6;8,AllFiveDisagree
KJ470327,6,6,8,8,6,5,,2,6;8,AllFiveDisagree
KJ470356,6,6,1,1,6,5,,2,1;6,AllFiveDisagree
KJ470365,6,6,8,8,6,5,,2,6;8,AllFiveDisagree
KJ470370,6,6,1,1,6,5,,2,1;6,AllFiveDisagree
KM102760,,1,1,1,2,4,CometFullSeq,2,1;2,AvailableCallsDisagree
KM102761,,1,1,1,2,4,CometFullSeq,2,1;2,AvailableCallsDisagree
KM102762,,1,1,1,2,4,CometFullSeq,2,1;2,AvailableCallsDisagree
KM102763,,1,1,1,2,4,CometFullSeq,2,1;2,AvailableCallsDisagree
KM102764,,1,1,1,2,4,CometFullSeq,2,1;2,AvailableCallsDisagree
KM102765,,1,1,1,2,4,CometFullSeq,2,1;2,AvailableCallsDisagree
KM102766,,1,1,1,2,4,CometFullSeq,2,1;2,AvailableCallsDisagree
KM102767,,1,1,1,2,4,CometFullSeq,2,1;2,AvailableCallsDisagree
KM102768,,1,1,1,2,4,CometFullSeq,2,1;2,AvailableCallsDisagree
KM102769,,1,1,1,2,4,CometFullSeq,2,1;2,AvailableCallsDisagree
KM102770,,1,1,1,2,4,CometFullSeq,2,1;2,AvailableCallsDisagree
KM213574,4,4,1,1,1,5,,2,1;4,AllFiveDisagree
KM252793,6,6,1,6,,4,GenBank,2,1;6,AvailableCallsDisagree
KM252796,6,6,1,6,,4,GenBank,2,1;6,AvailableCallsDisagree
KM252798,6,6,8,6,,4,GenBank,2,6;8,AvailableCallsDisagree
KM504112,1,6,6,6,,4,GenBank,2,1;6,AvailableCallsDisagree
KM504123,6,6,1,6,6,5,,2,1;6,AllFiveDisagree
KM504124,6,6,1,6,6,5,,2,1;6,AllFiveDisagree
KM523574,3,3,3,3,2,5,,2,2;3,AllFiveDisagree
KP201489,1,1,1,1,2,5,,2,1;2,AllFiveDisagree
KP201491,1,1,1,1,2,5,,2,1;2,AllFiveDisagree
KP201492,1,1,1,1,2,5,,2,1;2,AllFiveDisagree
KP201493,1,1,1,1,2,5,,2,1;2,AllFiveDisagree
KP324195,6,6,1,1,6,5,,2,1;6,AllFiveDisagree
KP324196,6,6,1,1,6,5,,2,1;6,AllFiveDisagree
KP324197,6,6,1,1,6,5,,2,1;6,AllFiveDisagree
KP324198,6,6,1,1,6,5,,2,1;6,AllFiveDisagree
KP324199,6,6,1,1,6,5,,2,1;6,AllFiveDisagree
KP324200,6,6,1,1,6,5,,2,1;6,AllFiveDisagree
KP324201,6,6,1,1,6,5,,2,1;6,AllFiveDisagree
KP324202,6,6,1,1,6,5,,2,1;6,AllFiveDisagree
KP324203,6,6,1,1,6,5,,2,1;6,AllFiveDisagree
KP324204,6,6,7,7,6,5,,2,6;7,AllFiveDisagree
KP324205,6,6,1,1,6,5,,2,1;6,AllFiveDisagree
KP324206,6,6,1,1,6,5,,2,1;6,AllFiveDisagree
KP324207,6,6,1,1,6,5,,2,1;6,AllFiveDisagree
KP324208,6,6,1,1,6,5,,2,1;6,AllFiveDisagree
KR095342,6,6,1,1,,4,GenBank,2,1;6,AvailableCallsDisagree
KX789412,3,3,7,7,7,5,,2,3;7,AllFiveDisagree
KY083758,2,2,2,2,4,5,,2,2;4,AllFiveDisagree
KY608701,6,6,8,8,6,5,,2,6;8,AllFiveDisagree
L38369,6,6,8,8,,4,GenBank,2,6;8,AvailableCallsDisagree
L38381,6,6,8,8,,4,GenBank,2,6;8,AvailableCallsDisagree
L49481,6,6,1,1,,4,GenBank,2,1;6,AvailableCallsDisagree
L49484,6,6,8,8,,4,GenBank,2,6;8,AvailableCallsDisagree
L50535,6,6,8,8,,4,GenBank,2,6;8,AvailableCallsDisagree
LC435024,6,6,1,6,,4,GenBank,2,1;6,AvailableCallsDisagree
LC484058,5,5,1,1,5,5,,2,1;5,AllFiveDisagree
LC538246,1,2,1,1,,4,GenBank,2,1;2,AvailableCallsDisagree
LC538248,5,5,1,1,,4,GenBank,2,1;5,AvailableCallsDisagree
KR870888,,1,1,1,4,4,CometFullSeq,2,1;4,AvailableCallsDisagree
KT921389,6,6,1,1,6,5,,2,1;6,AllFiveDisagree
KT921390,6,6,8,8,6,5,,2,6;8,AllFiveDisagree
KU167534,6,6,2,2,6,5,,2,2;6,AllFiveDisagree
KU167535,6,6,2,2,6,5,,2,2;6,AllFiveDisagree
KU707103,6,6,1,1,6,5,,2,1;6,AllFiveDisagree
KU707104,6,6,1,1,6,5,,2,1;6,AllFiveDisagree
KU861171,2,6,7,7,7,5,,3,2;6;7,AllFiveDisagree
KX092342,2,2,7,7,,4,GenBank,2,2;7,AvailableCallsDisagree
KX172138,2,4,7,7,7,5,,3,2;4;7,AllFiveDisagree
OQ660325,2,2,8,8,,4,GenBank,2,2;8,AvailableCallsDisagree
