IsolateID,PersonID,Clone Method,NS3 Range,NS5A_NTD Range,NS5B Range,Virus,Country,Year,Source,Genotype,Subtype,Sequencing Method,Treatment,DrugClass,PI,NS5A_I,NI,NNI,Recent Regimen,PI DRMs,NS5A_I DRMs,NI DRMs,NS3 Ins,NS5A Ins,NS5B Ins,Stops,DRM Mode
MW689944,PID1,None,1 ~ 631,1 ~ 213,1 ~ 591,HCV,USA,,Plasma,1,1A,Sanger,No,None,None,None,None,None,None,,,,,,,,EASL-extend
MW689945,PID2,None,1 ~ 631,1 ~ 213,1 ~ 591,HCV,USA,,Plasma,1,1A,Sanger,No,None,None,None,None,None,None,,,,,,,,EASL-extend
MW689946,PID3,None,1 ~ 631,1 ~ 213,1 ~ 591,HCV,USA,,Plasma,1,1A,Sanger,No,None,None,None,None,None,None,,,,,,,,EASL-extend
MW689947,PID4,None,1 ~ 631,1 ~ 213,1 ~ 591,HCV,USA,,Plasma,1,1A,Sanger,No,None,None,None,None,None,None,,"L31M, H58P",,,,,,EASL-extend
MW689948,PID5,None,1 ~ 631,1 ~ 213,1 ~ 591,HCV,USA,,Plasma,1,1A,Sanger,No,None,None,None,None,None,None,,,,,,,,EASL-extend
MW689949,PID6,None,1 ~ 631,1 ~ 213,1 ~ 591,HCV,USA,,Plasma,1,1A,Sanger,No,None,None,None,None,None,None,"V36L, T54S",,,,,,,EASL-extend
MW689950,PID7,None,1 ~ 631,1 ~ 213,1 ~ 591,HCV,USA,,Plasma,1,1A,Sanger,No,None,None,None,None,None,None,,,,,,,,EASL-extend
MW689951,PID8,None,1 ~ 631,1 ~ 213,1 ~ 591,HCV,USA,,Plasma,1,1A,Sanger,No,None,None,None,None,None,None,,,,,,,,EASL-extend
MW689952,PID9,None,1 ~ 631,1 ~ 213,1 ~ 591,HCV,USA,,Plasma,1,1L,Sanger,No,None,None,None,None,None,None,Q80L,"Q30R, L31M, H58P",,,,,,EASL-extend
MW689953,PID10,None,1 ~ 631,1 ~ 213,1 ~ 591,HCV,USA,,Plasma,1,1A,Sanger,No,None,None,None,None,None,None,,,,,,,,EASL-extend
MW689954,PID11,None,1 ~ 631,1 ~ 213,1 ~ 591,HCV,USA,,Plasma,1,1A,Sanger,No,None,None,None,None,None,None,,H58HLPQR,,,,,,EASL-extend
MW689955,PID12,None,1 ~ 631,1 ~ 213,1 ~ 591,HCV,USA,,Plasma,1,1A,Sanger,No,None,None,None,None,None,None,,M28V,,,,,,EASL-extend
MW689956,PID13,None,1 ~ 631,1 ~ 213,1 ~ 591,HCV,USA,,Plasma,1,1A,Sanger,No,None,None,None,None,None,None,,M28V,,,,,,EASL-extend
MW689957,PID14,None,1 ~ 631,1 ~ 213,1 ~ 591,HCV,USA,,Plasma,1,1A,Sanger,No,None,None,None,None,None,None,,,,,,,,EASL-extend
MW689958,PID15,None,1 ~ 631,1 ~ 213,1 ~ 591,HCV,USA,,Plasma,1,1A,Sanger,No,None,None,None,None,None,None,,M28V,,,,,,EASL-extend
MW689959,PID16,None,1 ~ 631,1 ~ 213,1 ~ 591,HCV,USA,,Plasma,1,1A,Sanger,No,None,None,None,None,None,None,,M28V,,,,,,EASL-extend
MW689960,PID17,None,1 ~ 631,1 ~ 213,1 ~ 591,HCV,USA,,Plasma,1,1A,Sanger,No,None,None,None,None,None,None,,M28V,,,,,,EASL-extend
MW689961,PID18,None,1 ~ 631,1 ~ 213,1 ~ 591,HCV,USA,,Plasma,1,1A,Sanger,No,None,None,None,None,None,None,,H58R,,,,,,EASL-extend
MW689962,PID19,None,1 ~ 631,1 ~ 213,1 ~ 591,HCV,USA,,Plasma,1,UNKNOWN,Sanger,No,None,None,None,None,None,None,,"Q30L, L31M, H58P",,,,,,EASL-extend
MW689963,PID20,None,1 ~ 631,1 ~ 213,1 ~ 591,HCV,USA,,Plasma,1,1A,Sanger,No,None,None,None,None,None,None,,,,,,,,EASL-extend
MW689964,PID21,None,1 ~ 631,1 ~ 213,1 ~ 591,HCV,USA,,Plasma,1,1L,Sanger,No,None,None,None,None,None,None,Q80L,"L31M, H58P",,,,,,EASL-extend
MW689965,PID22,None,1 ~ 631,1 ~ 213,1 ~ 591,HCV,USA,,Plasma,1,UNKNOWN,Sanger,No,None,None,None,None,None,None,,"Q30N, L31M, H58P, Y93S",,,,,,EASL-extend
MW689966,PID23,None,1 ~ 631,1 ~ 213,1 ~ 591,HCV,USA,,Plasma,1,UNKNOWN,Sanger,No,None,None,None,None,None,None,"Y56H, D168K","Q30N, L31V, H58P, Y93N",,,,,,EASL-extend
MW689967,PID24,None,1 ~ 631,1 ~ 213,1 ~ 591,HCV,USA,,Plasma,1,1B,Sanger,No,None,None,None,None,None,None,Q80L,,,,,,,EASL-extend
MW689968,PID25,None,1 ~ 631,1 ~ 213,1 ~ 591,HCV,USA,,Plasma,1,1B,Sanger,No,None,None,None,None,None,None,Q80K,L31M,,,,,,EASL-extend
MW689969,PID26,None,1 ~ 631,1 ~ 213,1 ~ 591,HCV,USA,,Plasma,1,1A,Sanger,No,None,None,None,None,None,None,,,,,,,,EASL-extend
MW689970,PID27,None,1 ~ 631,1 ~ 213,1 ~ 591,HCV,USA,,Plasma,1,1A,Sanger,No,None,None,None,None,None,None,,,,,,,,EASL-extend
MW689971,PID28,None,1 ~ 631,1 ~ 213,1 ~ 591,HCV,USA,,Plasma,1,UNKNOWN,Sanger,No,None,None,None,None,None,None,,"Q30R, H58P, Y93H",L159F,,,,,EASL-extend
MW689972,PID29,None,1 ~ 631,1 ~ 213,1 ~ 591,HCV,USA,,Plasma,1,1A,Sanger,No,None,None,None,None,None,None,,,,,,,,EASL-extend
MW689973,PID30,None,1 ~ 631,1 ~ 213,1 ~ 591,HCV,USA,,Plasma,1,1B,Sanger,No,None,None,None,None,None,None,,Y93H,C316N,,,,,EASL-extend
MW689974,PID31,None,1 ~ 631,1 ~ 213,1 ~ 591,HCV,USA,,Plasma,1,1A,Sanger,No,None,None,None,None,None,None,,,,,,,,EASL-extend
MW689975,PID32,None,1 ~ 631,1 ~ 213,1 ~ 590,HCV,USA,,Plasma,1,UNKNOWN,Sanger,No,None,None,None,None,None,None,,H58P,,,,,,EASL-extend
MW689976,PID33,None,1 ~ 631,1 ~ 213,1 ~ 591,HCV,USA,,Plasma,1,1B,Sanger,No,None,None,None,None,None,None,,,,,,,,EASL-extend
MW689977,PID34,None,1 ~ 631,1 ~ 213,1 ~ 591,HCV,USA,,Plasma,1,1A,Sanger,No,None,None,None,None,None,None,,,,,,,,EASL-extend
MW689978,PID35,None,1 ~ 631,1 ~ 213,1 ~ 590,HCV,USA,,Plasma,1,1G,Sanger,No,None,None,None,None,None,None,"T54S, D168E","K24R, Q30R, H58P, Y93S",,,,,,EASL-extend
MW689979,PID36,None,1 ~ 631,1 ~ 213,1 ~ 591,HCV,USA,,Plasma,1,1A,Sanger,No,None,None,None,None,None,None,,,,,,,,EASL-extend
MW689980,PID37,None,1 ~ 631,1 ~ 213,1 ~ 591,HCV,USA,,Plasma,1,UNKNOWN,Sanger,No,None,None,None,None,None,None,,"L31M, H58P, E62D",,,,,,EASL-extend
MW689981,PID38,None,1 ~ 631,1 ~ 213,1 ~ 591,HCV,USA,,Plasma,1,UNKNOWN,Sanger,No,None,None,None,None,None,None,V36M,"H58P, E62D",,,,,,EASL-extend
MW689982,PID39,None,1 ~ 631,1 ~ 213,1 ~ 591,HCV,USA,,Plasma,1,1A,Sanger,No,None,None,None,None,None,None,,,,,,,,EASL-extend
MW689984,PID41,None,1 ~ 631,1 ~ 213,1 ~ 590,HCV,USA,,Plasma,1,1G,Sanger,No,None,None,None,None,None,None,T54S,"K24R, H58P, Y93F",,,,,,EASL-extend
MW689985,PID42,None,1 ~ 631,1 ~ 213,1 ~ 591,HCV,USA,,Plasma,1,1A,Sanger,No,None,None,None,None,None,None,Q80K,,,,,,,EASL-extend
MW689986,PID43,None,1 ~ 631,1 ~ 213,1 ~ 591,HCV,USA,,Plasma,1,1A,Sanger,No,None,None,None,None,None,None,,,,,,,,EASL-extend
MW689987,PID44,None,1 ~ 631,1 ~ 213,1 ~ 591,HCV,USA,,Plasma,1,1A,Sanger,No,None,None,None,None,None,None,,,,,,,,EASL-extend
MW689988,PID45,None,1 ~ 631,1 ~ 213,1 ~ 591,HCV,USA,,Plasma,1,UNKNOWN,Sanger,No,None,None,None,None,None,None,,"M28T, Q30S, H58P, E62D, Y93N",,,,,,EASL-extend
MW689989,PID46,None,1 ~ 631,1 ~ 213,1 ~ 591,HCV,USA,,Plasma,1,1A,Sanger,No,None,None,None,None,None,None,Q80K,,,,,,,EASL-extend
MW689990,PID47,None,1 ~ 631,1 ~ 213,1 ~ 591,HCV,USA,,Plasma,1,1A,Sanger,No,None,None,None,None,None,None,,,,,,,,EASL-extend
MW689991,PID48,None,1 ~ 631,1 ~ 213,1 ~ 591,HCV,USA,,Plasma,1,1B,Sanger,No,None,None,None,None,None,None,,,,,,,,EASL-extend
MW689992,PID49,None,1 ~ 631,1 ~ 213,1 ~ 591,HCV,USA,,Plasma,1,1B,Sanger,No,None,None,None,None,None,None,,,,,,,,EASL-extend
MW689993,PID50,None,1 ~ 631,1 ~ 213,1 ~ 591,HCV,USA,,Plasma,1,1A,Sanger,No,None,None,None,None,None,None,,,,,,,"E2: H3*Y
",EASL-extend
MW689994,PID51,None,1 ~ 631,1 ~ 213,1 ~ 580,HCV,USA,,Plasma,1,1A,Sanger,No,None,None,None,None,None,None,,,,,,,,EASL-extend
MW689995,PID52,None,1 ~ 631,1 ~ 213,1 ~ 591,HCV,USA,,Plasma,1,1A,Sanger,No,None,None,None,None,None,None,,,,,,,,EASL-extend
MW689996,PID53,None,1 ~ 631,1 ~ 213,1 ~ 591,HCV,USA,,Plasma,1,1A,Sanger,No,None,None,None,None,None,None,,,,,,,,EASL-extend
MW689997,PID54,None,1 ~ 631,1 ~ 213,1 ~ 591,HCV,USA,,Plasma,1,1B,Sanger,No,None,None,None,None,None,None,,,,,,,,EASL-extend
MW689998,PID55,None,1 ~ 631,1 ~ 213,1 ~ 591,HCV,USA,,Plasma,1,1A,Sanger,No,None,None,None,None,None,None,,,,,,,,EASL-extend
MW689999,PID56,None,1 ~ 631,1 ~ 213,1 ~ 591,HCV,USA,,Plasma,1,1B,Sanger,No,None,None,None,None,None,None,,A92T,C316N,,,,,EASL-extend
MW690000,PID57,None,1 ~ 631,1 ~ 213,1 ~ 591,HCV,USA,,Plasma,1,1A,Sanger,No,None,None,None,None,None,None,V36L,H58P,,,,,,EASL-extend
MW690001,PID58,None,1 ~ 631,1 ~ 213,1 ~ 591,HCV,USA,,Plasma,1,UNKNOWN,Sanger,No,None,None,None,None,None,None,,Q30P,,,,,,EASL-extend
MW690002,PID59,None,1 ~ 631,1 ~ 213,1 ~ 591,HCV,USA,,Plasma,1,1A,Sanger,No,None,None,None,None,None,None,,,,,,,"E2: H3*Y
",EASL-extend
MW690003,PID60,None,1 ~ 631,1 ~ 213,1 ~ 591,HCV,USA,,Plasma,1,1A,Sanger,No,None,None,None,None,None,None,,,,,,,,EASL-extend
MW690004,PID61,None,1 ~ 631,1 ~ 213,1 ~ 591,HCV,USA,,Plasma,1,1A,Sanger,No,None,None,None,None,None,None,,,,,,,,EASL-extend
MW690005,PID62,None,1 ~ 631,1 ~ 213,1 ~ 591,HCV,USA,,Plasma,1,1A,Sanger,No,None,None,None,None,None,None,,,,,,,,EASL-extend
MW690006,PID63,None,1 ~ 631,1 ~ 213,1 ~ 591,HCV,USA,,Plasma,1,1A,Sanger,No,None,None,None,None,None,None,,,,,,,,EASL-extend
MW690007,PID64,None,1 ~ 631,1 ~ 213,1 ~ 590,HCV,USA,,Plasma,1,1G,Sanger,No,None,None,None,None,None,None,T54S,"K24R, H58P, Y93F",,,,,,EASL-extend
MW690008,PID65,None,1 ~ 631,1 ~ 213,1 ~ 591,HCV,USA,,Plasma,1,1G,Sanger,No,None,None,None,None,None,None,,"K24R, H58P",,,,,,EASL-extend
MW690009,PID66,None,1 ~ 631,1 ~ 213,1 ~ 591,HCV,USA,,Plasma,1,1B,Sanger,No,None,None,None,None,None,None,,,,,,,,EASL-extend
MW690010,PID67,None,1 ~ 631,1 ~ 213,1 ~ 591,HCV,USA,,Plasma,1,1E,Sanger,No,None,None,None,None,None,None,T54S,"Q30R, L31M, H58P, A92T",,,,,,EASL-extend
MW690011,PID68,None,1 ~ 631,1 ~ 213,1 ~ 591,HCV,USA,,Plasma,1,1A,Sanger,No,None,None,None,None,None,None,"V36L, Q80K",,,,,,,EASL-extend
MW690012,PID69,None,1 ~ 631,1 ~ 213,1 ~ 591,HCV,USA,,Plasma,1,1G,Sanger,No,None,None,None,None,None,None,"V36M, T54S","K24R, H58P, Y93F",,,,,,EASL-extend
MW690013,PID70,None,1 ~ 631,1 ~ 213,1 ~ 591,HCV,USA,,Plasma,1,UNKNOWN,Sanger,No,None,None,None,None,None,None,,"L31M, H58P, E62D",,,,,,EASL-extend
MW690014,PID71,None,1 ~ 631,1 ~ 213,1 ~ 591,HCV,USA,,Plasma,1,1B,Sanger,No,None,None,None,None,None,None,,,C316N,,,,,EASL-extend
MW690015,PID72,None,1 ~ 631,1 ~ 213,1 ~ 591,HCV,USA,,Plasma,1,1A,Sanger,No,None,None,None,None,None,None,,,,,,,,EASL-extend
MW690016,PID73,None,1 ~ 631,1 ~ 213,1 ~ 591,HCV,USA,,Plasma,1,1B,Sanger,No,None,None,None,None,None,None,,,"L159F, C316N",,,,,EASL-extend
MW690017,PID74,None,1 ~ 631,1 ~ 213,1 ~ 591,HCV,USA,,Plasma,1,1A,Sanger,No,None,None,None,None,None,None,,,,,,,,EASL-extend
MW690018,PID75,None,1 ~ 631,1 ~ 213,1 ~ 591,HCV,USA,,Plasma,1,1A,Sanger,No,None,None,None,None,None,None,"T54S, V55I",,,,,,,EASL-extend
MW690019,PID76,None,1 ~ 631,1 ~ 213,1 ~ 591,HCV,USA,,Plasma,1,1A,Sanger,No,None,None,None,None,None,None,,,,,,,,EASL-extend
MW690020,PID77,None,1 ~ 631,1 ~ 213,1 ~ 591,HCV,USA,,Plasma,1,1A,Sanger,No,None,None,None,None,None,None,,,,,,,,EASL-extend