gene,position_pair,pos1,pos2,n_subtypes,n_sequences,significant_weighting,sequence_weighted_adjusted_mi_bits,sequence_weighted_p_value,sequence_weighted_q_value,subtype_balanced_adjusted_mi_bits,subtype_balanced_p_value,subtype_balanced_q_value
NS5A,24-28,24,28,7,9307,sequence_weighted; subtype_balanced,0.027,0.0010,0.0031,0.064,0.0010,0.0055
NS5A,24-30,24,30,6,8909,sequence_weighted; subtype_balanced,0.036,0.0010,0.0031,0.054,0.0010,0.0055
NS5A,24-31,24,31,6,9155,sequence_weighted,0.0037,0.0010,0.0031,0.0024,0.17,0.29
NS5A,24-62,24,62,8,9377,sequence_weighted; subtype_balanced,0.013,0.0010,0.0031,0.041,0.0020,0.0094
NS5A,24-93,24,93,3,8683,sequence_weighted; subtype_balanced,0.0064,0.0010,0.0031,0.0081,0.0010,0.0055
NS5A,26-38,26,38,2,6378,sequence_weighted; subtype_balanced,0.0033,0.0010,0.0031,0.0026,0.0020,0.0094
NS5A,28-30,28,30,9,9427,sequence_weighted; subtype_balanced,0.030,0.0010,0.0031,0.13,0.0010,0.0055
NS5A,28-31,28,31,11,9900,sequence_weighted,0.0036,0.0010,0.0031,0.0060,0.25,0.38
NS5A,28-58,28,58,11,10061,sequence_weighted,0.0045,0.0010,0.0031,0.019,0.030,0.068
NS5A,28-62,28,62,13,10123,sequence_weighted; subtype_balanced,0.016,0.0010,0.0031,0.075,0.0010,0.0055
NS5A,28-93,28,93,4,9098,sequence_weighted; subtype_balanced,0.0083,0.0010,0.0031,0.087,0.0010,0.0055
NS5A,30-31,30,31,9,9514,sequence_weighted; subtype_balanced,0.014,0.0010,0.0031,0.031,0.016,0.041
NS5A,30-58,30,58,8,9289,sequence_weighted; subtype_balanced,0.0064,0.0010,0.0031,0.030,0.014,0.037
NS5A,30-62,30,62,10,9649,sequence_weighted; subtype_balanced,0.022,0.0010,0.0031,0.066,0.0010,0.0055
NS5A,30-93,30,93,4,8887,sequence_weighted; subtype_balanced,0.031,0.0010,0.0031,0.094,0.0010,0.0055
NS5A,31-58,31,58,10,9931,sequence_weighted,0.0065,0.0010,0.0031,-0.0026,0.61,0.78
NS5A,31-62,31,62,13,10081,sequence_weighted; subtype_balanced,0.0066,0.0010,0.0031,0.030,0.0050,0.016
NS5A,31-93,31,93,4,8880,sequence_weighted,0.0045,0.0010,0.0031,0.012,0.093,0.18
NS5A,58-62,58,62,14,10224,sequence_weighted; subtype_balanced,0.032,0.0010,0.0031,0.070,0.0010,0.0055
NS5A,62-93,62,93,5,9092,sequence_weighted; subtype_balanced,0.0076,0.0010,0.0031,0.11,0.0010,0.0055
NS5B,159-316,159,316,1,2493,sequence_weighted; subtype_balanced,0.26,0.0010,0.0053,0.26,0.0010,0.0053
NS5B,206-320,206,320,1,1793,sequence_weighted; subtype_balanced,0.010,0.0010,0.0053,0.010,0.0010,0.0053
NS5B,316-321,316,321,2,5537,sequence_weighted; subtype_balanced,0.027,0.0010,0.0053,0.028,0.0010,0.0053
NS5A,58-93,58,93,5,9058,sequence_weighted; subtype_balanced,0.0025,0.0060,0.013,0.050,0.0010,0.0055
NS3,36-175,36,175,3,13082,sequence_weighted,0.0025,0.0010,0.0061,0.0066,0.23,0.39
NS3,41-80,41,80,3,15048,sequence_weighted; subtype_balanced,0.0015,0.0010,0.0061,0.0026,0.0010,0.026
NS3,41-166,41,166,3,14851,sequence_weighted,0.0012,0.0010,0.0061,0.00098,0.022,0.092
NS3,54-55,54,55,3,14982,sequence_weighted; subtype_balanced,0.033,0.0010,0.0061,0.025,0.0010,0.026
NS3,54-80,54,80,3,14877,sequence_weighted; subtype_balanced,0.0018,0.0010,0.0061,0.0013,0.0060,0.042
NS3,54-122,54,122,4,14905,sequence_weighted,0.0013,0.0010,0.0061,-0.0011,0.23,0.39
NS3,54-155,54,155,2,8356,sequence_weighted; subtype_balanced,0.0034,0.0010,0.0061,0.0032,0.0020,0.026
NS3,56-80,56,80,3,13515,sequence_weighted,0.0018,0.0010,0.0061,0.0011,0.063,0.16
NS3,80-122,80,122,6,15495,sequence_weighted,0.0066,0.0010,0.0061,0.014,0.10,0.22
NS3,80-170,80,170,5,15115,sequence_weighted,0.014,0.0010,0.0061,0.0092,0.058,0.16
NS3,122-168,122,168,7,15474,sequence_weighted,0.0014,0.0010,0.0061,0.0080,0.16,0.30
NS3,122-170,122,170,8,15260,sequence_weighted,0.0049,0.0010,0.0061,0.013,0.12,0.24
NS3,155-170,155,170,2,8521,sequence_weighted; subtype_balanced,0.0022,0.0010,0.0061,0.0014,0.0080,0.049
NS3,156-168,156,168,1,6914,sequence_weighted; subtype_balanced,0.0030,0.0010,0.0061,0.0030,0.0010,0.026
NS3,166-168,166,168,4,15416,sequence_weighted,0.0027,0.0010,0.0061,0.0021,0.017,0.084
NS3,166-170,166,170,5,15244,sequence_weighted,0.0021,0.0010,0.0061,0.020,0.020,0.090
NS3,168-170,168,170,6,15390,sequence_weighted,0.0018,0.0010,0.0061,0.0062,0.12,0.24
NS5A,28-32,28,32,1,3950,sequence_weighted; subtype_balanced,0.0037,0.0030,0.0087,0.0037,0.0030,0.013
NS3,36-55,36,55,2,13345,sequence_weighted; subtype_balanced,0.0013,0.0020,0.0095,0.0012,0.0020,0.026
NS3,80-166,80,166,5,15182,sequence_weighted; subtype_balanced,0.0018,0.0020,0.0095,0.034,0.0070,0.045
NS3,80-175,80,175,3,13080,sequence_weighted,0.0012,0.0020,0.0095,-0.0066,0.39,0.55
NS3,155-168,155,168,2,8539,sequence_weighted,0.0017,0.0020,0.0095,0.00100,0.063,0.16
NS3,156-170,156,170,1,6895,sequence_weighted; subtype_balanced,0.0016,0.0020,0.0095,0.0016,0.0020,0.026
NS5A,26-32,26,32,1,3961,sequence_weighted; subtype_balanced,0.0034,0.0040,0.011,0.0034,0.0040,0.016
NS5A,30-92,30,92,5,9382,sequence_weighted; subtype_balanced,0.0020,0.0040,0.011,0.0097,0.0080,0.023
NS3,36-80,36,80,3,13278,sequence_weighted,0.0014,0.0030,0.012,0.0025,0.41,0.57
NS3,55-56,55,56,2,13197,sequence_weighted; subtype_balanced,0.00096,0.0030,0.012,0.00098,0.0030,0.035
NS3,56-122,56,122,5,13585,sequence_weighted,0.0011,0.0030,0.012,0.021,0.011,0.060
NS3,158-168,158,168,4,13839,sequence_weighted,0.00084,0.0030,0.012,0.019,0.019,0.090
NS3,170-175,170,175,3,13104,sequence_weighted,0.0012,0.0030,0.012,0.00066,0.061,0.16
NS5A,24-32,24,32,1,3833,sequence_weighted; subtype_balanced,0.0028,0.0050,0.012,0.0028,0.0050,0.016
NS5A,32-38,32,38,1,4017,sequence_weighted; subtype_balanced,0.0028,0.0050,0.012,0.0028,0.0050,0.016
NS5A,32-62,32,62,1,3906,sequence_weighted; subtype_balanced,0.0031,0.0050,0.012,0.0031,0.0050,0.016
NS5B,150-206,150,206,8,6171,subtype_balanced,0.0033,0.023,0.061,0.046,0.0030,0.012
NS3,36-56,36,56,2,13111,sequence_weighted; subtype_balanced,0.00091,0.0040,0.013,0.00086,0.0040,0.035
NS3,41-54,41,54,3,15015,sequence_weighted,0.00089,0.0040,0.013,0.00065,0.017,0.084
NS3,41-168,41,168,3,14958,sequence_weighted,0.0012,0.0040,0.013,0.00085,0.029,0.11
NS3,55-156,55,156,1,6926,sequence_weighted; subtype_balanced,0.0015,0.0040,0.013,0.0015,0.0040,0.035
NS3,122-166,122,166,7,15415,sequence_weighted; subtype_balanced,0.0012,0.0040,0.013,0.064,0.0010,0.026
NS3,156-166,156,166,1,6813,sequence_weighted; subtype_balanced,0.0012,0.0040,0.013,0.0012,0.0040,0.035
NS5A,31-92,31,92,6,9501,sequence_weighted,0.0016,0.0060,0.013,0.0022,0.14,0.24
NS3,36-122,36,122,4,13223,sequence_weighted,0.0016,0.0050,0.015,0.053,0.052,0.15
NS3,36-156,36,156,1,6888,sequence_weighted; subtype_balanced,0.0015,0.0050,0.015,0.0015,0.0050,0.037
NS5A,26-92,26,92,3,8969,sequence_weighted,0.0013,0.0080,0.016,0.00089,0.040,0.084
NS5B,159-321,159,321,1,2502,sequence_weighted; subtype_balanced,0.0028,0.0070,0.022,0.0028,0.0070,0.018
NS5B,206-321,206,321,3,5447,subtype_balanced,0.0013,0.048,0.092,0.062,0.0080,0.018
NS5B,316-320,316,320,1,1804,sequence_weighted; subtype_balanced,0.0067,0.0060,0.022,0.0067,0.0060,0.018
NS3,41-155,41,155,2,8432,sequence_weighted; subtype_balanced,0.00084,0.0090,0.025,0.0024,0.0050,0.037
NS3,80-155,80,155,2,8410,sequence_weighted,0.0012,0.0090,0.025,0.00071,0.042,0.14
NS3,56-166,56,166,5,13553,subtype_balanced,0.00034,0.052,0.11,0.030,0.0020,0.026
NS3,36-155,36,155,1,6804,sequence_weighted,0.0014,0.011,0.029,0.0014,0.011,0.060
NS3,122-155,122,155,3,8615,sequence_weighted,0.0012,0.011,0.029,-0.00024,0.24,0.39
NS5A,24-58,24,58,8,9354,sequence_weighted,0.0022,0.017,0.032,0.0072,0.14,0.24
NS5A,38-62,38,62,2,6475,sequence_weighted,0.0015,0.017,0.032,0.0011,0.055,0.11
NS5A,58-92,58,92,6,9615,subtype_balanced,0.00087,0.086,0.14,0.0083,0.014,0.037
NS3,41-55,41,55,3,15147,sequence_weighted,0.00063,0.016,0.041,0.00047,0.021,0.091
NS3,56-170,56,170,3,13279,sequence_weighted,0.00059,0.016,0.041,0.00035,0.034,0.12
NS5A,28-92,28,92,6,9767,subtype_balanced,0.00018,0.29,0.44,0.014,0.018,0.044
NS3,41-170,41,170,3,14750,sequence_weighted,0.00065,0.020,0.050,0.00041,0.086,0.21
NS5A,24-26,24,26,4,9105,sequence_weighted,0.0011,0.027,0.050,0.00065,0.087,0.17
