pos1,pos2,subtype,n_sequences,mi_bits
36,55,1a,5495,0.002984057529
36,55,1b,5596,0.001053495481
36,56,1a,5445,0.002596074401
36,56,1b,5412,0.0002217692638
36,80,1a,5400,0.001589127897
36,80,1b,5586,0.004241134469
36,80,6w,37,0.210574304
36,122,1a,5369,0.002324992879
36,122,1b,5543,0.00243595299
36,122,6w,36,0.4907499836
36,155,1a,5379,0.002047243134
36,156,1a,5463,0.001971919805
36,175,1a,5133,8.864779484e-05
36,175,1b,5658,0.00586433007
41,54,1a,5317,0.002306816462
41,54,1b,5752,0.0005886553906
41,54,3a,1096,2.8970219e-05
41,80,1a,5367,0.001064043337
41,80,1b,5730,0.002793815265
41,80,3a,1101,0.008682829901
41,155,1a,5351,4.952012761e-05
41,155,3a,1060,0.007083276142
41,166,1a,5289,0.00333558831
41,166,1b,5667,9.008443007e-06
41,166,3a,1045,0.001807709842
41,168,1a,5370,0.002667018605
41,168,1b,5683,0.0009119945727
41,168,3a,1055,5.093846826e-05
54,55,1a,5392,0.07508925109
54,55,1b,5651,0.01043795205
54,80,1a,5285,0.001203689187
54,80,1b,5641,0.004299865866
54,80,3a,1101,5.749289257e-05
54,122,1a,5262,0.003002003318
54,122,1b,5598,0.002028954699
54,122,3a,1076,0.0001410731508
54,122,4a,92,0.005079762816
54,155,1a,5275,0.003932822429
54,155,3a,1060,0.003803217953
55,56,1a,5493,0.001077116331
55,56,1b,5450,0.001839575448
55,156,1a,5501,0.001988138085
56,80,1a,5395,0.000261438842
56,80,1b,5437,0.0052102487
56,122,1a,5372,0.0001999333346
56,122,1b,5401,0.003354763082
56,122,2a,63,0.07635441866
56,122,2j,44,0.1732755763
56,166,1a,5307,2.462016436e-06
56,166,1b,5360,0.0003529909669
56,166,2b,101,0.002004387594
56,166,2j,44,0.1731133271
80,122,1a,5313,0.01462295974
80,122,1b,5590,0.004946606676
80,122,3a,1084,0.0001190764687
80,122,4d,143,0.002449447422
80,122,6a,194,0.01251371256
80,122,6w,36,0.2859899864
80,155,1a,5321,0.002630866423
80,155,3a,1068,5.344847376e-05
80,166,1a,5251,0.001307457293
80,166,1b,5564,0.0001354795811
80,166,3a,1051,0.0044594136
80,166,6a,200,0.07548641012
80,166,6w,37,0.2386392253
80,170,1a,5331,0.01059449369
80,170,1b,5406,0.02718190847
80,170,3a,1060,0.0007441670444
80,170,6a,202,0.03754450466
80,170,6w,37,0.05137571422
80,175,1a,5075,0.001441654908
80,175,1b,5714,0.002756161791
122,166,1a,5246,0.0002338713419
122,166,1b,5546,0.001351115367
122,166,2j,45,0.1925970806
122,166,3a,1059,0.00334962363
122,166,3b,123,0.001178002316
122,166,6a,192,0.01739058092
122,166,6w,36,0.4950180472
122,168,1a,5335,0.003583139526
122,168,1b,5554,0.001772258337
122,168,3a,1071,0.0003037522782
122,168,4d,127,0.003789146654
122,168,5a,49,0.04466333901
122,168,6a,182,0.005143318923
122,170,1a,5325,0.004310205258
122,170,1b,5378,0.01025465384
122,170,3a,1066,0.001666573529
122,170,4a,88,0.009857136464
122,170,5a,45,0.1992228107
122,170,6a,194,0.01073069789
122,170,6w,36,0.08020818326
155,168,1a,5407,0.00297699539
155,168,3a,1111,0.0001156388676
155,170,1a,5393,0.00332658027
155,170,3a,1107,0.0007965079605
156,166,1a,5388,0.001455477994
156,168,1a,5489,0.003687627936
156,170,1a,5470,0.002065682131
158,168,1a,5439,1.440279206e-05
158,168,1b,5677,8.453806116e-06
158,168,5a,50,0.1017330672
158,168,6a,189,0.04081539861
166,168,1a,5386,0.006227878784
166,168,1b,5668,2.333650411e-05
166,168,3a,1096,0.009705125781
166,168,6a,188,0.001518191294
166,170,1a,5363,0.002034779838
166,170,1b,5474,0.001217771925
166,170,3a,1091,0.00724180578
166,170,6a,200,0.05339185663
166,170,6w,37,0.1116011781
168,170,1a,5460,0.005146822334
168,170,1b,5491,0.0007337356798
168,170,3a,1103,0.001315976674
168,170,5a,47,0.01609182044
168,170,6a,189,0.0007447949474
170,175,1a,5195,0.002888600297
170,175,1b,5618,0.000639130957
