pos1,pos2,weighting,n_subtypes,n_sequences,observed_mi_bits,mean_permuted_mi_bits,adjusted_mi_bits,p_value,q_value
54,55,sequence_weighted,2,11043,0.04200544317,0.0003968767447,0.04160856642,0.001,0.006933333333
80,170,sequence_weighted,5,12036,0.01775493116,0.001749026891,0.01600590427,0.001,0.006933333333
80,122,sequence_weighted,6,12360,0.009591097576,0.003291940796,0.00629915678,0.001,0.006933333333
122,170,sequence_weighted,7,12132,0.007804124895,0.00253104426,0.005273080636,0.001,0.006933333333
156,168,sequence_weighted,1,5489,0.003687627936,4.213154723e-05,0.003645496389,0.001,0.006933333333
54,155,sequence_weighted,2,6335,0.003911136439,0.0003014167047,0.003609719734,0.001,0.006933333333
166,168,sequence_weighted,4,12338,0.003614675333,0.0005763866922,0.00303828864,0.001,0.006933333333
36,175,sequence_weighted,2,10791,0.003116987181,0.0002809086509,0.00283607853,0.001,0.006933333333
166,170,sequence_weighted,5,12165,0.003311716631,0.0008718344408,0.00243988219,0.001,0.006933333333
168,170,sequence_weighted,5,12290,0.002805467587,0.0007080565637,0.002097411023,0.001,0.006933333333
56,80,sequence_weighted,2,10832,0.002745438029,0.000852860511,0.001892577518,0.001,0.006933333333
80,166,sequence_weighted,5,12103,0.002993724175,0.001107032116,0.001886692059,0.001,0.006933333333
54,80,sequence_weighted,3,12027,0.002550955382,0.0007707758942,0.001780179488,0.001,0.006933333333
41,80,sequence_weighted,3,12198,0.002564279208,0.0008510789417,0.001713200267,0.001,0.006933333333
170,175,sequence_weighted,2,10813,0.001719866481,0.0003858643304,0.00133400215,0.001,0.006933333333
56,122,sequence_weighted,4,10880,0.002906945865,0.001311445651,0.001595500214,0.002,0.0104
156,166,sequence_weighted,1,5388,0.001455477994,3.25243432e-06,0.001452225559,0.002,0.0104
80,175,sequence_weighted,2,10789,0.002137835493,0.000709852478,0.001427983015,0.002,0.0104
41,166,sequence_weighted,3,12001,0.001631700208,0.0002144232925,0.001417276916,0.002,0.0104
36,56,sequence_weighted,2,10857,0.001412530199,0.0003168113829,0.001095718816,0.002,0.0104
155,168,sequence_weighted,2,6518,0.002489274142,0.0004160197087,0.002073254433,0.003,0.01356521739
41,168,sequence_weighted,3,12108,0.001615336567,0.0002089792602,0.001406357306,0.003,0.01356521739
55,56,sequence_weighted,2,10943,0.001456847866,0.0002954286417,0.001161419224,0.003,0.01356521739
155,170,sequence_weighted,2,6500,0.002895689494,0.0005487297338,0.00234695976,0.004,0.016
36,156,sequence_weighted,1,5463,0.001971919805,0.0001470632249,0.00182485658,0.004,0.016
54,122,sequence_weighted,4,12028,0.002309092347,0.0008442891857,0.001464803162,0.004,0.016
156,170,sequence_weighted,1,5470,0.002065682131,0.0001425689314,0.001923113199,0.005,0.01857142857
36,55,sequence_weighted,2,11091,0.00200998619,0.0007245478689,0.001285438321,0.005,0.01857142857
55,156,sequence_weighted,1,5501,0.001988138085,0.0002017154299,0.001786422655,0.007,0.02348387097
36,80,sequence_weighted,3,11023,0.003634538423,0.002162744463,0.00147179396,0.007,0.02348387097
41,54,sequence_weighted,3,12165,0.001289193613,0.0002813948512,0.001007798761,0.007,0.02348387097
36,155,sequence_weighted,1,5379,0.002047243134,0.0005550126849,0.001492230449,0.01,0.0325
122,166,sequence_weighted,7,12247,0.003448912424,0.002097196552,0.001351715872,0.011,0.03364705882
158,168,sequence_weighted,4,11355,0.001138449383,0.0003193815988,0.000819067784,0.011,0.03364705882
80,155,sequence_weighted,2,6389,0.002200019284,0.0008628078187,0.001337211465,0.014,0.0416
122,168,sequence_weighted,6,12318,0.002670100677,0.001398800621,0.001271300056,0.015,0.04333333333
36,122,sequence_weighted,3,10948,0.003987246401,0.00240644456,0.001580801841,0.016,0.04497297297
122,155,sequence_weighted,3,6505,0.002097364025,0.0008296678426,0.001267696183,0.019,0.052
41,155,sequence_weighted,2,6411,0.001212487118,0.0002722335704,0.0009402535475,0.024,0.0624
41,170,sequence_weighted,3,11900,0.00129915712,0.0005483129695,0.0007508441502,0.024,0.0624
41,55,sequence_weighted,2,11209,0.001121908591,0.0003448025929,0.0007771059981,0.027,0.06848780488
54,168,sequence_weighted,3,11939,0.001037039804,0.0003369095844,0.0007001302199,0.028,0.06933333333
56,175,sequence_weighted,2,10629,0.0004538143544,0.0001507374357,0.0003030769187,0.029,0.07013953488
54,170,sequence_weighted,4,11822,0.001338935103,0.0006245403945,0.0007143947081,0.031,0.07327272727
54,56,sequence_weighted,2,10797,0.00055361849,0.000145175581,0.000408442909,0.033,0.07626666667
56,166,sequence_weighted,4,10812,0.0008994198153,0.0004826264825,0.0004167933327,0.041,0.09269565217
41,158,sequence_weighted,2,11018,0.0004006953325,4.38337157e-05,0.0003568616168,0.059,0.1305531915
168,175,sequence_weighted,2,11018,0.0004211114566,0.0001116019833,0.0003095094733,0.062,0.1343333333
36,166,sequence_weighted,3,10854,0.001225086529,0.0006603710698,0.0005647154594,0.065,0.1379591837
55,155,sequence_weighted,1,5421,0.001421759542,0.0005308895662,0.0008908699757,0.067,0.13936
155,156,sequence_weighted,1,5460,0.000501724081,6.928080732e-05,0.0004324432737,0.075,0.1529411765
56,170,sequence_weighted,2,10596,0.0009728453418,0.000586477937,0.0003863674048,0.078,0.156
43,80,sequence_weighted,1,5347,0.0009398757436,0.0004183228926,0.000521552851,0.08,0.1569811321
55,175,sequence_weighted,2,10892,0.0007067811033,0.0003235670353,0.0003832140681,0.086,0.1656296296
41,122,sequence_weighted,3,12103,0.001323548123,0.0008738960097,0.0004496521132,0.113,0.2136727273
155,158,sequence_weighted,2,5502,0.0006482402109,0.0002640267623,0.0003842134486,0.131,0.2432857143
55,170,sequence_weighted,2,10832,0.0009437479541,0.0005798898822,0.0003638580719,0.138,0.2517894737
54,175,sequence_weighted,2,10750,0.0003879249072,0.0002149915366,0.0001729333705,0.143,0.2564137931
54,156,sequence_weighted,1,5348,0.0003652104858,0.0001189074473,0.0002463030385,0.149,0.2626440678
36,54,sequence_weighted,2,10934,0.0007536562263,0.0004980527513,0.000255603475,0.167,0.2894666667
36,41,sequence_weighted,2,11160,0.0006582005548,0.0003689609985,0.0002892395563,0.172,0.2932459016
43,55,sequence_weighted,1,5442,0.0004832660697,0.0001706791041,0.0003125869657,0.184,0.3086451613
155,166,sequence_weighted,3,6547,0.0007568540902,0.0006352167632,0.0001216373271,0.24,0.3961904762
158,170,sequence_weighted,4,11158,0.0005138693563,0.0004622936055,5.157575079e-05,0.268,0.4355
55,168,sequence_weighted,2,11034,0.0005918900475,0.0004745099589,0.0001173800887,0.288,0.4608
80,168,sequence_weighted,5,12312,0.001259504061,0.001124295895,0.000135208166,0.324,0.5062352941
36,170,sequence_weighted,3,10771,0.001127848915,0.0009979840873,0.0001298648272,0.331,0.5062352941
55,158,sequence_weighted,2,10991,0.0002597702739,0.0001689693981,9.080087575e-05,0.329,0.5062352941
80,156,sequence_weighted,1,5398,0.0004985182921,0.0004391164592,5.940183289e-05,0.378,0.5697391304
41,56,sequence_weighted,2,10953,0.0002366416527,0.0002829957441,-4.635409134e-05,0.437,0.6492571429
56,168,sequence_weighted,2,10774,4.036153109e-05,0.0001000730363,-5.97115052e-05,0.519,0.7496666667
122,158,sequence_weighted,5,11229,0.0009385424309,0.001022321105,-8.377867415e-05,0.514,0.7496666667
158,166,sequence_weighted,4,11332,0.0001269030258,0.0001960314616,-6.91284358e-05,0.615,0.8761643836
55,122,sequence_weighted,2,10999,0.00102403019,0.001198030037,-0.0001739998473,0.626,0.8797837838
56,158,sequence_weighted,2,10749,0.0001676437369,0.0001678346473,-1.909103197e-07,0.688,0.9540266667
56,156,sequence_weighted,1,5451,1.944466453e-06,6.87064825e-06,-4.926181798e-06,1,1
43,56,sequence_weighted,1,5394,1.588495862e-06,7.643321424e-06,-6.054825562e-06,1,1
43,166,sequence_weighted,1,5254,1.2555072e-06,9.921700571e-06,-8.666193371e-06,1,1
43,156,sequence_weighted,1,5405,9.884960012e-07,1.072122505e-05,-9.732729045e-06,1,1
156,158,sequence_weighted,1,5450,1.361376173e-06,1.411078587e-05,-1.27494097e-05,1,1
43,158,sequence_weighted,1,5314,1.431987681e-06,1.497846248e-05,-1.35464748e-05,1,1
43,175,sequence_weighted,1,5083,2.013160093e-06,1.840873256e-05,-1.639557247e-05,1,1
41,43,sequence_weighted,1,5394,9.16622878e-06,3.511285989e-05,-2.594663111e-05,1,1
158,175,sequence_weighted,2,10985,7.85271366e-06,4.456539477e-05,-3.671268111e-05,1,1
43,168,sequence_weighted,1,5349,8.50770322e-06,4.555606044e-05,-3.704835722e-05,1,1
41,156,sequence_weighted,1,5431,1.080945101e-05,4.996203881e-05,-3.91525878e-05,1,1
166,175,sequence_weighted,2,10912,1.851895561e-05,7.19274086e-05,-5.340845299e-05,1,1
43,155,sequence_weighted,1,5327,1.970824585e-05,8.001055761e-05,-6.030231176e-05,1,1
43,54,sequence_weighted,1,5291,3.62719437e-05,0.0001017330015,-6.546105778e-05,1,1
41,175,sequence_weighted,2,10924,4.475851932e-05,0.0001271044856,-8.234596627e-05,1,1
36,43,sequence_weighted,1,5425,3.003930095e-05,0.000120026161,-8.998686007e-05,1,1
54,158,sequence_weighted,2,10847,4.302473193e-05,0.0001362795384,-9.325480643e-05,1,1
36,158,sequence_weighted,2,10900,2.544249205e-05,0.0001202610868,-9.481859472e-05,1,1
43,170,sequence_weighted,1,5341,4.948309691e-05,0.0001496123702,-0.0001001292733,1,1
56,155,sequence_weighted,1,5377,3.951162243e-05,0.000141067881,-0.0001015562586,1,1
55,166,sequence_weighted,2,10914,5.195030152e-05,0.0001783977343,-0.0001264474328,1,1
155,175,sequence_weighted,1,5132,5.784140063e-05,0.0001926421501,-0.0001348007495,1,1
122,156,sequence_weighted,1,5391,0.0001210281294,0.0002645931447,-0.0001435650153,1,1
54,166,sequence_weighted,3,11820,0.0001905565866,0.0003593867558,-0.0001688301692,0.771,1
43,122,sequence_weighted,1,5323,0.0001011499741,0.0002742404205,-0.0001730904465,1,1
36,168,sequence_weighted,2,10929,0.0001796360533,0.0004233481549,-0.0002437121016,0.954,1
80,158,sequence_weighted,3,11096,0.0003485727605,0.0006172089968,-0.0002686362364,0.846,1
55,80,sequence_weighted,2,11076,0.0008427064903,0.001149735383,-0.0003070288932,0.784,1
122,175,sequence_weighted,2,10757,0.0002476007247,0.0006945481521,-0.0004469474274,0.965,1
156,175,sequence_weighted,0,0,,,,,
122,166,subtype_balanced,7,12247,0.1015883316,0.03874314323,0.06284518839,0.001,0.013
54,55,subtype_balanced,2,11043,0.04276360157,0.0004006999328,0.04236290163,0.001,0.013
158,168,subtype_balanced,4,11355,0.0356428306,0.01142868308,0.02421414752,0.001,0.013
156,168,subtype_balanced,1,5489,0.003687627936,4.213154723e-05,0.003645496389,0.001,0.013
41,80,subtype_balanced,3,12198,0.004180229501,0.0006716450436,0.003508584458,0.001,0.013
36,175,subtype_balanced,2,10791,0.002976488933,0.0002814976828,0.00269499125,0.001,0.013
56,80,subtype_balanced,2,10832,0.002735843771,0.0008520455878,0.001883798183,0.001,0.013
170,175,subtype_balanced,2,10813,0.001763865627,0.0003835976907,0.001380267936,0.001,0.013
156,166,subtype_balanced,1,5388,0.001455477994,3.25243432e-06,0.001452225559,0.002,0.01890909091
80,175,subtype_balanced,2,10789,0.00209890835,0.0007224434436,0.001376464906,0.002,0.01890909091
36,56,subtype_balanced,2,10857,0.001408921832,0.0003171668166,0.001091755016,0.002,0.01890909091
80,166,subtype_balanced,5,12103,0.06400559719,0.02463009336,0.03937550382,0.003,0.024
55,56,subtype_balanced,2,10943,0.00145834589,0.0002954446676,0.001162901222,0.003,0.024
56,122,subtype_balanced,4,10880,0.06329617283,0.03166410889,0.03163206394,0.005,0.02888888889
54,155,subtype_balanced,2,6335,0.003868020191,0.0002918869391,0.003576133251,0.005,0.02888888889
156,170,subtype_balanced,1,5470,0.002065682131,0.0001425689314,0.001923113199,0.005,0.02888888889
36,156,subtype_balanced,1,5463,0.001971919805,0.0001470632249,0.00182485658,0.004,0.02888888889
36,55,subtype_balanced,2,11091,0.002018776505,0.0007286213862,0.001290155119,0.005,0.02888888889
166,170,subtype_balanced,5,12165,0.03509747846,0.01051103738,0.02458644107,0.006,0.03284210526
55,156,subtype_balanced,1,5501,0.001988138085,0.0002017154299,0.001786422655,0.007,0.0364
56,166,subtype_balanced,4,10812,0.04386829192,0.006924218791,0.03694407312,0.008,0.03781818182
41,155,subtype_balanced,2,6411,0.003566398135,0.0002121391433,0.003354258991,0.008,0.03781818182
36,155,subtype_balanced,1,5379,0.002047243134,0.0005550126849,0.001492230449,0.01,0.0452173913
36,170,subtype_balanced,3,10771,0.07570358437,0.02563859044,0.05006499393,0.015,0.065
54,80,subtype_balanced,3,12027,0.001853682649,0.0006518026757,0.001201879973,0.025,0.104
155,170,subtype_balanced,2,6500,0.002061544115,0.0007900687638,0.001271475352,0.027,0.108
41,55,subtype_balanced,2,11209,0.001126425104,0.000350688229,0.0007757368753,0.03,0.1111724138
41,54,subtype_balanced,3,12165,0.000974814024,0.0002643303452,0.0007104836788,0.031,0.1111724138
56,175,subtype_balanced,2,10629,0.0004384933065,0.0001464419978,0.0002920513086,0.029,0.1111724138
122,170,subtype_balanced,7,12132,0.04517860871,0.0245109212,0.02066768751,0.034,0.1140645161
54,56,subtype_balanced,2,10797,0.0005488999868,0.0001454232603,0.0004034767265,0.033,0.1140645161
36,122,subtype_balanced,3,10948,0.1651703098,0.09383657134,0.07133373847,0.043,0.13975
80,155,subtype_balanced,2,6389,0.001342157448,0.0006256682718,0.0007164891766,0.047,0.1481212121
41,168,subtype_balanced,3,12108,0.001209983882,0.0002531823872,0.0009568014946,0.049,0.1498823529
36,166,subtype_balanced,3,10854,0.08923311567,0.04840077535,0.04083234032,0.058,0.1658378378
41,166,subtype_balanced,3,12001,0.001717435532,0.0006361679254,0.001081267606,0.058,0.1658378378
41,158,subtype_balanced,2,11018,0.000413570244,4.44625171e-05,0.0003691077269,0.059,0.1658378378
168,175,subtype_balanced,2,11018,0.0004377754599,0.0001100951804,0.0003276802795,0.062,0.1696842105
80,170,subtype_balanced,5,12036,0.02548815762,0.01379456742,0.0116935902,0.066,0.1742
55,155,subtype_balanced,1,5421,0.001421759542,0.0005308895662,0.0008908699757,0.067,0.1742
155,156,subtype_balanced,1,5460,0.000501724081,6.928080732e-05,0.0004324432737,0.075,0.1857142857
56,170,subtype_balanced,2,10596,0.000987283474,0.0005924786902,0.0003948047837,0.074,0.1857142857
43,80,subtype_balanced,1,5347,0.0009398757436,0.0004183228926,0.000521552851,0.08,0.1934883721
55,175,subtype_balanced,2,10892,0.0007280871832,0.0003299565707,0.0003981306125,0.084,0.1985454545
155,168,subtype_balanced,2,6518,0.001546317129,0.0004730090005,0.001073308128,0.094,0.2172444444
54,168,subtype_balanced,3,11939,0.0008115020283,0.0003996695395,0.0004118324888,0.097,0.2193043478
41,170,subtype_balanced,3,11900,0.001033700306,0.0006065660327,0.0004271342728,0.134,0.2886530612
55,170,subtype_balanced,2,10832,0.0009455990367,0.0005792944722,0.0003663045644,0.136,0.2886530612
41,122,subtype_balanced,3,12103,0.0009948156265,0.0007292697975,0.000265545829,0.133,0.2886530612
166,168,subtype_balanced,4,12338,0.004368633091,0.00231777773,0.002050855361,0.148,0.3038431373
54,156,subtype_balanced,1,5348,0.0003652104858,0.0001189074473,0.0002463030385,0.149,0.3038431373
80,122,subtype_balanced,6,12360,0.05344029821,0.04281065712,0.01062964109,0.153,0.306
54,170,subtype_balanced,4,11822,0.005416767599,0.004524956361,0.0008918112379,0.164,0.3218113208
36,41,subtype_balanced,2,11160,0.0006530485466,0.0003725744871,0.0002804740595,0.18,0.3342857143
36,54,subtype_balanced,2,10934,0.0007465771074,0.0005014645123,0.0002451125951,0.179,0.3342857143
54,175,subtype_balanced,2,10750,0.0003705827948,0.000218408915,0.0001521738798,0.175,0.3342857143
43,55,subtype_balanced,1,5442,0.0004832660697,0.0001706791041,0.0003125869657,0.184,0.3357192982
168,170,subtype_balanced,5,12290,0.004806630015,0.004451206537,0.0003554234781,0.2,0.3586206897
122,155,subtype_balanced,3,6505,0.001778625882,0.00253725566,-0.0007586297773,0.275,0.4847457627
55,168,subtype_balanced,2,11034,0.0005985920047,0.0004785042721,0.0001200877326,0.288,0.4992
155,158,subtype_balanced,2,5502,0.001654682294,0.003344330318,-0.001689648024,0.305,0.52
55,158,subtype_balanced,2,10991,0.0002636963587,0.0001711111987,9.258516002e-05,0.329,0.5431111111
54,122,subtype_balanced,4,12028,0.002562948496,0.0048188459,-0.002255897404,0.327,0.5431111111
36,80,subtype_balanced,3,11023,0.07213485547,0.06984032273,0.002294532739,0.379,0.6064
80,156,subtype_balanced,1,5398,0.0004985182921,0.0004391164592,5.940183289e-05,0.378,0.6064
158,170,subtype_balanced,4,11158,0.004078263404,0.007418058009,-0.003339794606,0.4,0.6303030303
41,56,subtype_balanced,2,10953,0.0002341768808,0.0002807706934,-4.65938126e-05,0.437,0.6783283582
80,168,subtype_balanced,5,12312,0.001240799242,0.002989758951,-0.001748959709,0.5,0.7647058824
56,168,subtype_balanced,2,10774,4.039607945e-05,0.0001001079478,-5.97118683e-05,0.519,0.7822608696
155,166,subtype_balanced,3,6547,0.001931872973,0.003434608446,-0.001502735473,0.58,0.8617142857
158,166,subtype_balanced,4,11332,0.001883775011,0.00297783236,-0.001094057349,0.615,0.9008450704
55,122,subtype_balanced,2,10999,0.001023439408,0.001201427205,-0.0001779877965,0.627,0.9056666667
122,168,subtype_balanced,6,12318,0.009875825787,0.01439007029,-0.004514244507,0.676,0.9630684932
56,158,subtype_balanced,2,10749,0.0001672612657,0.0001674837716,-2.225058461e-07,0.688,0.9669189189
122,158,subtype_balanced,5,11229,0.01294652262,0.01809925896,-0.005152736339,0.711,0.98592
56,156,subtype_balanced,1,5451,1.944466453e-06,6.87064825e-06,-4.926181798e-06,1,1
43,56,subtype_balanced,1,5394,1.588495862e-06,7.643321424e-06,-6.054825562e-06,1,1
43,166,subtype_balanced,1,5254,1.2555072e-06,9.921700571e-06,-8.666193371e-06,1,1
43,156,subtype_balanced,1,5405,9.884960012e-07,1.072122505e-05,-9.732729045e-06,1,1
156,158,subtype_balanced,1,5450,1.361376173e-06,1.411078587e-05,-1.27494097e-05,1,1
43,158,subtype_balanced,1,5314,1.431987681e-06,1.497846248e-05,-1.35464748e-05,1,1
43,175,subtype_balanced,1,5083,2.013160093e-06,1.840873256e-05,-1.639557247e-05,1,1
41,43,subtype_balanced,1,5394,9.16622878e-06,3.511285989e-05,-2.594663111e-05,1,1
158,175,subtype_balanced,2,10985,7.579914402e-06,4.414472232e-05,-3.656480792e-05,1,1
43,168,subtype_balanced,1,5349,8.50770322e-06,4.555606044e-05,-3.704835722e-05,1,1
41,156,subtype_balanced,1,5431,1.080945101e-05,4.996203881e-05,-3.91525878e-05,1,1
166,175,subtype_balanced,2,10912,1.751813957e-05,6.836101219e-05,-5.084287262e-05,1,1
43,155,subtype_balanced,1,5327,1.970824585e-05,8.001055761e-05,-6.030231176e-05,1,1
43,54,subtype_balanced,1,5291,3.62719437e-05,0.0001017330015,-6.546105778e-05,1,1
41,175,subtype_balanced,2,10924,4.360897827e-05,0.0001259524497,-8.234347141e-05,1,1
36,43,subtype_balanced,1,5425,3.003930095e-05,0.000120026161,-8.998686007e-05,1,1
54,158,subtype_balanced,2,10847,4.361955201e-05,0.0001379345256,-9.431497362e-05,1,1
36,158,subtype_balanced,2,10900,2.559556049e-05,0.0001208242259,-9.522866539e-05,1,1
43,170,subtype_balanced,1,5341,4.948309691e-05,0.0001496123702,-0.0001001292733,1,1
56,155,subtype_balanced,1,5377,3.951162243e-05,0.000141067881,-0.0001015562586,1,1
55,166,subtype_balanced,2,10914,5.263626649e-05,0.0001801992246,-0.0001275629582,1,1
155,175,subtype_balanced,1,5132,5.784140063e-05,0.0001926421501,-0.0001348007495,1,1
122,156,subtype_balanced,1,5391,0.0001210281294,0.0002645931447,-0.0001435650153,1,1
43,122,subtype_balanced,1,5323,0.0001011499741,0.0002742404205,-0.0001730904465,1,1
36,168,subtype_balanced,2,10929,0.0001797899697,0.0004254423299,-0.0002456523602,0.954,1
54,166,subtype_balanced,3,11820,0.0005580949856,0.0008565361604,-0.0002984411748,0.732,1
55,80,subtype_balanced,2,11076,0.0008528603492,0.001160848546,-0.0003079881967,0.781,1
122,175,subtype_balanced,2,10757,0.0002486564811,0.0006905963476,-0.0004419398665,0.968,1
80,158,subtype_balanced,3,11096,0.002803592347,0.004135848734,-0.001332256387,0.752,1
156,175,subtype_balanced,0,0,,,,,
