Accession,AssignedGenotype,Subtype8aDistance,FirstChoiceSubtype,FirstChoiceDistance,SecondChoiceSubtype,SecondChoiceDistance
MW205375,8,26.087,8a,26.087,,
MT032266,8,26.791,8a,26.791,,
MT032269,8,27.726,8a,27.726,,
MT032270,8,27.570,8a,27.570,,
MT032272,8,28.193,8a,28.193,,
MT032275,8,28.193,8a,28.193,,
MT032276,8,27.554,8a,27.554,,
MT032278,8,27.259,8a,27.259,,
MT032279,8,27.259,8a,27.259,,
MT032280,8,28.081,8a,28.081,,
MK252834,8,26.875,8a,26.875,,
MK252847,8,27.812,8a,27.812,,
MK252854,8,27.656,8a,27.656,,
MK252858,8,28.281,8a,28.281,,
MK252866,8,28.125,8a,28.125,,
MK252869,8,28.281,8a,28.281,,
MK252870,8,27.640,8a,27.640,,
MK252872,8,27.344,8a,27.344,,
MK252881,8,27.344,8a,27.344,,
MK252888,8,28.169,8a,28.169,,
MK437951,8,26.522,8a,26.522,,
MK437955,8,31.837,8a,31.837,,
MK437979,8,29.412,8a,29.412,,
MK437986,8,31.429,8a,31.429,,
MK437988,8,29.412,8a,29.412,,
MK437994,8,25.000,8a,25.000,,
MK437997,8,33.469,8a,33.469,,
MK438002,8,30.769,8a,30.769,,
MK438013,8,30.317,8a,30.317,,
MK438024,8,27.982,8a,27.982,,
MK438037,8,30.769,8a,30.769,,
MK438049,8,30.317,8a,30.317,,
MK438052,8,30.317,8a,30.317,,
MK438073,8,29.412,8a,29.412,,
MK438108,8,28.340,8a,28.340,,
MK438135,8,30.204,8a,30.204,,
MK438145,8,29.412,8a,29.412,,
MK438152,8,31.020,8a,31.020,,
MK438160,8,28.507,8a,28.507,,
MK438163,8,30.317,8a,30.317,,
MK438176,8,30.357,8a,30.357,,
MK438192,8,29.412,8a,29.412,,
MK438204,8,28.620,8a,28.620,,
MK438223,8,31.579,8a,31.579,,
MK438225,8,29.796,8a,29.796,,
MK438228,8,31.429,8a,31.429,,
MK438253,8,31.020,8a,31.020,,
MK438307,8,27.064,8a,27.064,,
MK438310,8,25.463,8a,25.463,,
MK438324,8,29.796,8a,29.796,,
MK438349,8,31.222,8a,31.222,,
MK438363,8,32.127,8a,32.127,,
MK438364,8,29.864,8a,29.864,,
MK438369,8,28.125,8a,28.125,,
MK438389,8,31.222,8a,31.222,,
MK438396,8,31.222,8a,31.222,,
MK438407,8,28.959,8a,28.959,,
MK438423,8,29.864,8a,29.864,,
MK438424,8,30.317,8a,30.317,,
MK438427,8,28.261,8a,28.261,,
MK438448,8,31.020,8a,31.020,,
MK438499,8,29.000,8a,29.000,,
MK438505,8,28.226,8a,28.226,,
MK438509,8,29.864,8a,29.864,,
MK438519,8,31.222,8a,31.222,,
MK438544,8,28.959,8a,28.959,,
MK438547,8,29.412,8a,29.412,,
MK438549,8,26.908,8a,26.908,,
MK438552,8,31.222,8a,31.222,,
MK438573,8,30.317,8a,30.317,,
MK438584,8,29.412,8a,29.412,,
MK438585,8,31.222,8a,31.222,,
MK438620,8,25.000,8a,25.000,,
MK438628,8,30.317,8a,30.317,,
MK438631,8,26.293,8a,26.293,,
MK438636,8,30.204,8a,30.204,,
MK438653,8,28.959,8a,28.959,,
MK438657,8,26.522,8a,26.522,,
MK438700,8,29.384,8a,29.384,,
MK438723,8,29.130,8a,29.130,,
MK438724,8,30.317,8a,30.317,,
MK438740,8,26.496,8a,26.496,,
MK438760,8,30.317,8a,30.317,,
MK438770,8,29.091,8a,29.091,,
MK438772,8,28.507,8a,28.507,,
MK438784,8,30.769,8a,30.769,,
MK438790,8,29.412,8a,29.412,,
MK438803,8,29.487,8a,29.487,,
MK438804,8,31.674,8a,31.674,,
MK438844,8,30.317,8a,30.317,,
MK438848,8,28.054,8a,28.054,,
MK438852,8,26.316,8a,26.316,,
MK438867,8,29.565,8a,29.565,,
MK438868,8,30.769,8a,30.769,,
MK438894,8,29.864,8a,29.864,,
MK438907,8,30.317,8a,30.317,,
MK438933,8,26.522,8a,26.522,,
MK438942,8,31.250,8a,31.250,,
MK438945,8,26.522,8a,26.522,,
MK438959,8,27.511,8a,27.511,,
MK438966,8,30.317,8a,30.317,,
MK438969,8,26.778,8a,26.778,,
MK438972,8,30.204,8a,30.204,,
MK438999,8,30.317,8a,30.317,,
MK439003,8,28.959,8a,28.959,,
MK439007,8,26.957,8a,26.957,,
MK439016,8,29.864,8a,29.864,,
MK439049,8,20.863,8a,20.863,,
MK439063,8,28.507,8a,28.507,,
MK439074,8,29.412,8a,29.412,,
MK439092,8,30.769,8a,30.769,,
MK439102,8,27.753,8a,27.753,,
MK439118,8,29.075,8a,29.075,,
MK439127,8,26.087,8a,26.087,,
MK439130,8,29.412,8a,29.412,,
MK439131,8,29.412,8a,29.412,,
MK439139,8,29.412,8a,29.412,,
MK439143,8,29.412,8a,29.412,,
MK439155,8,29.091,8a,29.091,,
MK439159,8,31.429,8a,31.429,,
MK439179,8,30.317,8a,30.317,,
MK439191,8,29.412,8a,29.412,,
MK439215,8,26.840,8a,26.840,,
MK439220,8,30.045,8a,30.045,,
MK439228,8,24.359,8a,24.359,,
MK439251,8,29.412,8a,29.412,,
MK439257,8,29.796,8a,29.796,,
MK439278,8,29.565,8a,29.565,,
MK439282,8,27.358,8a,27.358,,
MK439283,8,31.020,8a,31.020,,
MK439287,8,28.959,8a,28.959,,
MK439302,8,30.137,8a,30.137,,
MK439304,8,29.966,8a,29.966,,
MK439308,8,28.571,8a,28.571,,
MK439320,8,28.507,8a,28.507,,
MK439321,8,28.959,8a,28.959,,
MK439329,8,28.959,8a,28.959,,
MK439340,8,28.959,8a,28.959,,
MK439362,8,29.796,8a,29.796,,
MK439371,8,32.579,8a,32.579,,
MG453163,8,24.324,8a,24.324,,
PP092205,8,24.030,8a,24.030,,
PP092206,8,14.724,8a,14.724,,
PP092208,8,24.765,8a,24.765,,
MH192045,8,27.154,8a,27.154,,
MH192120,8,27.937,8a,27.937,,
MH192266,8,27.415,8a,27.415,,
MH298136,8,27.697,8a,27.697,,
MH298137,8,27.114,8a,27.114,,
MH298143,8,25.146,8a,25.146,,
MH298144,8,26.393,8a,26.393,,
MH298149,8,24.597,8a,24.597,,
MH298155,8,25.974,8a,25.974,,
MH298158,8,25.703,8a,25.703,,
MH298159,8,26.822,8a,26.822,,
MH298162,8,25.600,8a,25.600,,
MH298167,8,27.485,8a,27.485,,
MH298178,8,25.507,8a,25.507,,
MH298182,8,27.859,8a,27.859,,
MH298185,8,26.531,8a,26.531,,
MH298189,8,26.432,8a,26.432,,
MH298190,8,24.498,8a,24.498,,
MH590698,8,0.000,8a,0.000,,
MH590699,8,6.328,8a,6.328,,
MH590700,8,5.639,8a,5.639,,
MH590701,8,5.326,8a,5.326,,
D14193,8,25.238,8a,25.238,,
D28849,8,22.284,8a,22.284,,
D28850,8,22.563,8a,22.563,,
D28851,8,22.563,8a,22.563,,
D28852,8,23.677,8a,23.677,,
D28853,8,23.398,8a,23.398,,
D28854,8,22.131,8a,22.131,,
D28855,8,22.841,8a,22.841,,
DQ155541,8,28.530,8a,28.530,,
DQ155542,8,25.306,8a,25.306,,
EF116176,8,29.193,8a,29.193,,
EF116177,8,30.612,8a,30.612,,
EF116182,8,31.672,8a,31.672,,
EF116183,8,28.269,8a,28.269,,
EF116198,8,31.594,8a,31.594,,
PX934556,8,28.017,8a,28.017,,
AB162890,8,24.947,8a,24.947,,
AB281397,8,23.160,8a,23.160,,
AB523312,8,27.957,8a,27.957,,
AB523332,8,28.623,8a,28.623,,
AB523339,8,26.160,8a,26.160,,
AB989307,8,20.000,8a,20.000,,
AB989351,8,20.000,8a,20.000,,
AB989409,8,19.808,8a,19.808,,
AY735102,8,31.519,8a,31.519,,
AY754615,8,32.551,8a,32.551,,
AY754618,8,31.378,8a,31.378,,
AY754630,8,28.968,8a,28.968,,
AY754633,8,31.965,8a,31.965,,
AY754637,8,31.965,8a,31.965,,
HE580416,8,28.655,8a,28.655,,
HE580418,8,29.545,8a,29.545,,
HM031218,8,29.326,8a,29.326,,
JQ318415,8,32.258,8a,32.258,,
JQ318424,8,24.096,8a,24.096,,
JQ318428,8,23.894,8a,23.894,,
JQ318482,8,30.029,8a,30.029,,
EU420973,8,30.056,8a,30.056,,
EU420975,8,30.027,8a,30.027,,
FJ859331,8,25.060,8a,25.060,,
GU049376,8,27.434,8a,27.434,,
JX102946,8,27.899,8a,27.899,,
JX102967,8,28.315,8a,28.315,,
JX103031,8,25.114,8a,25.114,,
JX103121,8,25.114,8a,25.114,,
JX103123,8,25.571,8a,25.571,,
JX103127,8,28.315,8a,28.315,,
JX103130,8,25.571,8a,25.571,,
JX103131,8,25.114,8a,25.114,,
KJ470197,8,28.721,8a,28.721,,
KJ470282,8,28.198,8a,28.198,,
KJ470312,8,26.842,8a,26.842,,
KJ470322,8,28.307,8a,28.307,,
KJ470327,8,28.421,8a,28.421,,
KJ470365,8,27.895,8a,27.895,,
KY569749,8,31.405,8a,31.405,,
KY569765,8,27.027,8a,27.027,,
KY569800,8,29.412,8a,29.412,,
KY608701,8,27.024,8a,27.024,,
L38369,8,24.324,8a,24.324,,
L38381,8,26.271,8a,26.271,,
L49484,8,22.901,8a,22.901,,
L50535,8,22.047,8a,22.047,,
KT921390,8,23.549,8a,23.549,,
OQ660325,8,21.854,8a,21.854,,
